created_at,entry_id,field1,latitude,longitude,elevation,status
2025-02-22T13:33:44-06:00,1,30.32,,,,
2025-02-22T13:36:45-06:00,2,32.19,,,,
2025-02-22T13:39:46-06:00,3,32.19,,,,
2025-02-22T13:42:47-06:00,4,32.66,,,,
2025-02-22T13:45:49-06:00,5,32.66,,,,
2025-02-22T13:48:50-06:00,6,32.66,,,,
2025-02-22T13:51:51-06:00,7,32.66,,,,
2025-02-22T13:54:52-06:00,8,32.66,,,,
2025-02-22T13:57:53-06:00,9,32.66,,,,
2025-02-22T14:00:54-06:00,10,33.13,,,,
2025-02-22T14:03:55-06:00,11,33.13,,,,
2025-02-22T14:06:56-06:00,12,33.13,,,,
2025-02-22T14:09:57-06:00,13,32.66,,,,
2025-02-22T14:12:58-06:00,14,31.26,,,,
2025-02-22T14:15:59-06:00,15,31.73,,,,
2025-02-22T14:19:01-06:00,16,32.66,,,,
2025-02-22T14:22:02-06:00,17,32.66,,,,
2025-02-22T14:25:03-06:00,18,32.66,,,,
2025-02-22T14:28:04-06:00,19,33.13,,,,
2025-02-22T14:31:05-06:00,20,32.66,,,,
2025-02-22T14:34:06-06:00,21,32.66,,,,
2025-02-22T14:37:07-06:00,22,32.66,,,,
2025-02-22T14:40:08-06:00,23,33.6,,,,
2025-02-22T14:43:10-06:00,24,33.6,,,,
2025-02-22T14:46:11-06:00,25,32.66,,,,
2025-02-22T14:49:14-06:00,26,33.6,,,,
2025-02-22T14:52:16-06:00,27,33.6,,,,
2025-02-22T14:55:17-06:00,28,33.6,,,,
2025-02-22T14:58:18-06:00,29,33.6,,,,
2025-02-22T15:01:19-06:00,30,33.6,,,,
2025-02-22T15:04:20-06:00,31,33.6,,,,
2025-02-22T15:07:21-06:00,32,33.6,,,,
2025-02-22T15:10:22-06:00,33,33.6,,,,
2025-02-22T15:13:23-06:00,34,33.6,,,,
2025-02-22T15:16:24-06:00,35,33.6,,,,
2025-02-22T15:19:25-06:00,36,33.6,,,,
2025-02-22T15:22:26-06:00,37,33.6,,,,
2025-02-22T15:25:27-06:00,38,33.6,,,,
2025-02-22T15:28:28-06:00,39,33.6,,,,
2025-02-22T15:31:29-06:00,40,31.26,,,,
2025-02-22T15:34:30-06:00,41,30.79,,,,
2025-02-22T15:37:31-06:00,42,30.79,,,,
2025-02-22T15:40:32-06:00,43,30.79,,,,
2025-02-22T15:43:33-06:00,44,31.73,,,,
2025-02-22T15:46:34-06:00,45,32.19,,,,
2025-02-22T15:49:35-06:00,46,32.66,,,,
2025-02-22T15:52:36-06:00,47,33.13,,,,
2025-02-22T15:55:37-06:00,48,33.13,,,,
2025-02-22T15:58:38-06:00,49,33.6,,,,
2025-02-22T16:01:39-06:00,50,33.6,,,,
2025-02-22T16:04:40-06:00,51,33.6,,,,
2025-02-22T16:07:41-06:00,52,33.6,,,,
2025-02-22T16:10:42-06:00,53,33.6,,,,
2025-02-22T16:13:43-06:00,54,33.6,,,,
2025-02-22T16:16:44-06:00,55,33.6,,,,
2025-02-22T16:19:45-06:00,56,33.6,,,,
2025-02-22T16:22:46-06:00,57,33.6,,,,
2025-02-22T16:25:47-06:00,58,33.6,,,,
2025-02-22T16:28:49-06:00,59,33.6,,,,
2025-02-22T16:31:50-06:00,60,33.6,,,,
2025-02-22T16:34:51-06:00,61,33.6,,,,
2025-02-22T16:37:52-06:00,62,33.6,,,,
2025-02-22T16:40:53-06:00,63,33.6,,,,
2025-02-22T16:43:54-06:00,64,34.07,,,,
2025-02-22T16:46:55-06:00,65,33.6,,,,
2025-02-22T16:49:55-06:00,66,34.07,,,,
2025-02-22T16:52:56-06:00,67,33.6,,,,
2025-02-22T16:55:58-06:00,68,34.07,,,,
2025-02-22T16:58:59-06:00,69,33.6,,,,
2025-02-22T17:02:00-06:00,70,33.6,,,,
2025-02-22T17:05:01-06:00,71,33.6,,,,
2025-02-22T17:08:02-06:00,72,33.6,,,,
2025-02-22T17:11:03-06:00,73,33.6,,,,
2025-02-22T17:14:04-06:00,74,33.6,,,,
2025-02-22T17:17:05-06:00,75,34.07,,,,
2025-02-22T17:20:06-06:00,76,33.6,,,,
2025-02-22T17:23:07-06:00,77,33.6,,,,
2025-02-22T17:26:08-06:00,78,34.07,,,,
2025-02-22T17:29:09-06:00,79,34.07,,,,
2025-02-22T17:32:10-06:00,80,33.6,,,,
2025-02-22T17:35:11-06:00,81,34.07,,,,
2025-02-22T17:38:12-06:00,82,33.6,,,,
2025-02-22T17:41:13-06:00,83,33.6,,,,
2025-02-22T17:44:14-06:00,84,34.07,,,,
2025-02-22T17:47:15-06:00,85,33.6,,,,
2025-02-22T17:50:16-06:00,86,33.6,,,,
2025-02-22T17:53:17-06:00,87,33.6,,,,
2025-02-22T17:56:18-06:00,88,33.6,,,,
2025-02-22T17:59:19-06:00,89,33.6,,,,
2025-02-22T18:02:20-06:00,90,34.07,,,,
2025-02-22T18:05:21-06:00,91,33.6,,,,
2025-02-22T18:08:23-06:00,92,34.07,,,,
2025-02-22T18:11:24-06:00,93,33.6,,,,
2025-02-22T18:14:25-06:00,94,34.07,,,,
2025-02-22T18:17:26-06:00,95,34.07,,,,
2025-02-22T18:20:27-06:00,96,34.07,,,,
2025-02-22T18:23:28-06:00,97,32.19,,,,
2025-02-22T18:26:29-06:00,98,31.26,,,,
2025-02-22T18:29:30-06:00,99,31.26,,,,
2025-02-22T18:32:32-06:00,100,31.26,,,,
2025-02-22T18:35:33-06:00,101,30.79,,,,
2025-02-22T18:38:34-06:00,102,31.26,,,,
2025-02-22T18:41:35-06:00,103,30.79,,,,
2025-02-22T18:44:36-06:00,104,31.26,,,,
2025-02-22T18:47:37-06:00,105,30.79,,,,
2025-02-22T18:50:38-06:00,106,31.26,,,,
2025-02-22T18:53:39-06:00,107,30.79,,,,
2025-02-22T18:56:40-06:00,108,31.26,,,,
2025-02-22T18:59:41-06:00,109,30.79,,,,
2025-02-22T19:02:42-06:00,110,31.26,,,,
2025-02-22T19:05:43-06:00,111,31.26,,,,
2025-02-22T19:08:44-06:00,112,31.26,,,,
2025-02-22T19:11:45-06:00,113,31.26,,,,
2025-02-22T19:14:46-06:00,114,31.26,,,,
2025-02-22T19:17:47-06:00,115,31.26,,,,
2025-02-22T19:20:48-06:00,116,30.79,,,,
2025-02-22T19:23:49-06:00,117,30.79,,,,
2025-02-22T19:26:51-06:00,118,30.79,,,,
2025-02-22T19:29:52-06:00,119,30.79,,,,
2025-02-22T19:32:53-06:00,120,30.79,,,,
2025-02-22T19:35:54-06:00,121,32.19,,,,
2025-02-22T19:38:55-06:00,122,32.66,,,,
2025-02-22T19:41:56-06:00,123,32.66,,,,
2025-02-22T19:44:57-06:00,124,32.66,,,,
2025-02-22T19:47:58-06:00,125,32.66,,,,
2025-02-22T19:50:59-06:00,126,32.66,,,,
2025-02-22T19:54:00-06:00,127,33.13,,,,
2025-02-22T19:57:01-06:00,128,33.13,,,,
2025-02-22T20:00:02-06:00,129,32.66,,,,
2025-02-22T20:03:04-06:00,130,32.66,,,,
2025-02-22T20:06:05-06:00,131,32.66,,,,
2025-02-22T20:09:06-06:00,132,33.6,,,,
2025-02-22T20:12:07-06:00,133,34.07,,,,
2025-02-22T20:13:10-06:00,134,,,,,
2025-02-22T20:15:08-06:00,135,33.6,,,,
2025-02-22T20:18:09-06:00,136,33.6,,,,
2025-02-22T20:21:39-06:00,137,30.79,,,,
2025-02-22T20:24:40-06:00,138,33.6,,,,
2025-02-22T20:27:41-06:00,139,33.6,,,,
2025-02-22T20:30:42-06:00,140,34.07,,,,
2025-02-22T20:33:43-06:00,141,34.07,,,,
2025-02-22T20:36:44-06:00,142,34.53,,,,
2025-02-22T20:39:44-06:00,143,34.53,,,,
2025-02-22T20:42:45-06:00,144,34.53,,,,
2025-02-22T20:45:46-06:00,145,34.53,,,,
2025-02-22T20:48:47-06:00,146,34.53,,,,
2025-02-22T20:51:48-06:00,147,34.53,,,,
2025-02-22T20:54:50-06:00,148,34.53,,,,
2025-02-22T20:57:51-06:00,149,34.53,,,,
2025-02-22T21:00:51-06:00,150,35.0,,,,
2025-02-22T21:03:52-06:00,151,35.0,,,,
2025-02-22T21:06:53-06:00,152,34.53,,,,
2025-02-22T21:09:54-06:00,153,34.53,,,,
2025-02-22T21:12:55-06:00,154,34.53,,,,
2025-02-22T21:15:56-06:00,155,34.53,,,,
2025-02-22T21:18:57-06:00,156,34.53,,,,
2025-02-22T21:21:58-06:00,157,34.53,,,,
2025-02-22T21:25:00-06:00,158,35.0,,,,
2025-02-22T21:28:01-06:00,159,35.0,,,,
2025-02-22T21:31:02-06:00,160,34.53,,,,
2025-02-22T21:34:03-06:00,161,34.53,,,,
2025-02-22T21:37:04-06:00,162,34.53,,,,
2025-02-22T21:40:05-06:00,163,35.0,,,,
2025-02-22T21:43:06-06:00,164,35.0,,,,
2025-02-22T21:46:07-06:00,165,35.0,,,,
2025-02-22T21:49:08-06:00,166,35.0,,,,
2025-02-22T21:52:09-06:00,167,35.0,,,,
2025-02-22T21:55:10-06:00,168,35.0,,,,
2025-02-22T21:58:11-06:00,169,35.0,,,,
2025-02-22T22:01:12-06:00,170,35.0,,,,
2025-02-22T22:04:13-06:00,171,35.0,,,,
2025-02-22T22:07:14-06:00,172,35.0,,,,
2025-02-22T22:10:15-06:00,173,35.0,,,,
2025-02-22T22:13:16-06:00,174,35.0,,,,
2025-02-22T22:16:17-06:00,175,35.0,,,,
2025-02-22T22:16:56-06:00,176,32.19,,,,
2025-02-22T22:19:57-06:00,177,33.6,,,,
2025-02-22T22:22:58-06:00,178,33.13,,,,
2025-02-22T22:25:59-06:00,179,33.13,,,,
2025-02-22T22:29:00-06:00,180,32.66,,,,
2025-02-22T22:32:01-06:00,181,32.66,,,,
2025-02-22T22:35:02-06:00,182,32.66,,,,
2025-02-22T22:38:03-06:00,183,32.66,,,,
2025-02-22T22:41:04-06:00,184,32.66,,,,
2025-02-22T22:44:05-06:00,185,32.66,,,,
2025-02-22T22:47:07-06:00,186,33.13,,,,
2025-02-22T22:50:07-06:00,187,32.66,,,,
2025-02-22T22:53:08-06:00,188,32.66,,,,
2025-02-22T22:56:09-06:00,189,33.6,,,,
2025-02-22T22:59:10-06:00,190,32.66,,,,
2025-02-22T23:02:11-06:00,191,32.66,,,,
2025-02-22T23:05:13-06:00,192,33.13,,,,
2025-02-22T23:08:14-06:00,193,33.6,,,,
2025-02-22T23:11:14-06:00,194,32.66,,,,
2025-02-22T23:14:15-06:00,195,32.66,,,,
2025-02-22T23:17:17-06:00,196,32.66,,,,
2025-02-22T23:20:18-06:00,197,32.66,,,,
2025-02-22T23:23:19-06:00,198,33.13,,,,
2025-02-22T23:26:20-06:00,199,33.13,,,,
2025-02-22T23:29:21-06:00,200,33.13,,,,
2025-02-22T23:32:22-06:00,201,33.13,,,,
2025-02-22T23:35:23-06:00,202,32.66,,,,
2025-02-22T23:38:24-06:00,203,32.66,,,,
2025-02-22T23:41:25-06:00,204,32.66,,,,
2025-02-22T23:44:26-06:00,205,32.19,,,,
2025-02-22T23:47:27-06:00,206,32.19,,,,
2025-02-22T23:50:28-06:00,207,32.19,,,,
2025-02-22T23:53:29-06:00,208,32.19,,,,
2025-02-22T23:56:30-06:00,209,31.73,,,,
2025-02-22T23:59:31-06:00,210,32.19,,,,
2025-02-23T00:02:32-06:00,211,31.73,,,,
2025-02-23T00:05:33-06:00,212,31.73,,,,
2025-02-23T00:08:33-06:00,213,31.73,,,,
2025-02-23T00:11:34-06:00,214,31.73,,,,
2025-02-23T00:14:35-06:00,215,31.73,,,,
2025-02-23T00:17:36-06:00,216,31.73,,,,
2025-02-23T00:20:37-06:00,217,31.73,,,,
2025-02-23T00:23:39-06:00,218,31.26,,,,
2025-02-23T00:26:40-06:00,219,31.26,,,,
2025-02-23T00:29:41-06:00,220,31.26,,,,
2025-02-23T00:32:42-06:00,221,31.73,,,,
2025-02-23T00:35:43-06:00,222,31.26,,,,
2025-02-23T00:38:44-06:00,223,31.26,,,,
2025-02-23T00:41:44-06:00,224,31.26,,,,
2025-02-23T00:44:46-06:00,225,30.79,,,,
2025-02-23T00:47:47-06:00,226,30.79,,,,
2025-02-23T00:50:48-06:00,227,30.79,,,,
2025-02-23T00:53:49-06:00,228,30.79,,,,
2025-02-23T00:56:50-06:00,229,30.79,,,,
2025-02-23T00:59:51-06:00,230,30.79,,,,
2025-02-23T01:02:52-06:00,231,30.79,,,,
2025-02-23T01:05:53-06:00,232,30.32,,,,
2025-02-23T01:08:54-06:00,233,30.32,,,,
2025-02-23T01:11:55-06:00,234,30.79,,,,
2025-02-23T01:14:56-06:00,235,30.79,,,,
2025-02-23T01:17:57-06:00,236,30.79,,,,
2025-02-23T01:20:58-06:00,237,30.79,,,,
2025-02-23T01:23:59-06:00,238,30.79,,,,
2025-02-23T01:27:00-06:00,239,30.79,,,,
2025-02-23T01:30:01-06:00,240,30.79,,,,
2025-02-23T01:33:02-06:00,241,30.79,,,,
2025-02-23T01:36:03-06:00,242,30.79,,,,
2025-02-23T01:39:04-06:00,243,30.32,,,,
2025-02-23T01:42:05-06:00,244,30.79,,,,
2025-02-23T01:45:06-06:00,245,30.79,,,,
2025-02-23T01:48:07-06:00,246,30.32,,,,
2025-02-23T01:51:08-06:00,247,30.79,,,,
2025-02-23T01:54:09-06:00,248,30.79,,,,
2025-02-23T01:57:10-06:00,249,30.79,,,,
2025-02-23T02:00:11-06:00,250,30.79,,,,
2025-02-23T02:03:12-06:00,251,30.79,,,,
2025-02-23T02:06:13-06:00,252,30.79,,,,
2025-02-23T02:09:14-06:00,253,30.79,,,,
2025-02-23T02:12:15-06:00,254,30.79,,,,
2025-02-23T02:15:16-06:00,255,30.79,,,,
2025-02-23T02:18:17-06:00,256,30.32,,,,
2025-02-23T02:21:18-06:00,257,30.32,,,,
2025-02-23T02:24:19-06:00,258,30.32,,,,
2025-02-23T02:27:20-06:00,259,30.32,,,,
2025-02-23T02:30:21-06:00,260,30.32,,,,
2025-02-23T02:33:22-06:00,261,30.32,,,,
2025-02-23T02:36:23-06:00,262,30.32,,,,
2025-02-23T02:39:24-06:00,263,30.79,,,,
2025-02-23T02:42:25-06:00,264,30.79,,,,
2025-02-23T02:45:26-06:00,265,30.79,,,,
2025-02-23T02:48:27-06:00,266,30.79,,,,
2025-02-23T02:51:28-06:00,267,30.79,,,,
2025-02-23T02:54:29-06:00,268,30.79,,,,
2025-02-23T02:57:30-06:00,269,30.79,,,,
2025-02-23T03:00:31-06:00,270,30.32,,,,
2025-02-23T03:03:32-06:00,271,30.32,,,,
2025-02-23T03:06:33-06:00,272,29.85,,,,
2025-02-23T03:09:34-06:00,273,30.32,,,,
2025-02-23T03:12:35-06:00,274,30.32,,,,
2025-02-23T03:15:36-06:00,275,30.32,,,,
2025-02-23T03:18:37-06:00,276,30.79,,,,
2025-02-23T03:21:38-06:00,277,30.79,,,,
2025-02-23T03:24:40-06:00,278,30.79,,,,
2025-02-23T03:27:41-06:00,279,30.79,,,,
2025-02-23T03:30:42-06:00,280,30.79,,,,
2025-02-23T03:33:43-06:00,281,30.79,,,,
2025-02-23T03:36:44-06:00,282,30.79,,,,
2025-02-23T03:39:45-06:00,283,30.79,,,,
2025-02-23T03:42:46-06:00,284,30.79,,,,
2025-02-23T03:45:47-06:00,285,30.79,,,,
2025-02-23T03:48:48-06:00,286,30.32,,,,
2025-02-23T03:51:49-06:00,287,30.32,,,,
2025-02-23T03:54:50-06:00,288,30.79,,,,
2025-02-23T03:57:51-06:00,289,30.32,,,,
2025-02-23T04:00:52-06:00,290,30.79,,,,
2025-02-23T04:03:53-06:00,291,30.79,,,,
2025-02-23T04:06:54-06:00,292,30.79,,,,
2025-02-23T04:09:55-06:00,293,30.79,,,,
2025-02-23T04:12:56-06:00,294,30.79,,,,
2025-02-23T04:15:57-06:00,295,30.79,,,,
2025-02-23T04:18:58-06:00,296,30.79,,,,
2025-02-23T04:21:59-06:00,297,30.79,,,,
2025-02-23T04:25:00-06:00,298,31.26,,,,
2025-02-23T04:28:01-06:00,299,31.73,,,,
2025-02-23T04:31:02-06:00,300,31.26,,,,
2025-02-23T04:34:03-06:00,301,31.26,,,,
2025-02-23T04:37:04-06:00,302,31.26,,,,
2025-02-23T04:40:05-06:00,303,31.26,,,,
2025-02-23T04:43:06-06:00,304,31.26,,,,
2025-02-23T04:46:07-06:00,305,31.26,,,,
2025-02-23T04:49:07-06:00,306,31.26,,,,
2025-02-23T04:52:09-06:00,307,31.26,,,,
2025-02-23T04:55:09-06:00,308,31.26,,,,
2025-02-23T04:58:11-06:00,309,31.26,,,,
2025-02-23T05:01:12-06:00,310,31.26,,,,
2025-02-23T05:04:13-06:00,311,31.26,,,,
2025-02-23T05:07:14-06:00,312,31.73,,,,
2025-02-23T05:10:14-06:00,313,31.73,,,,
2025-02-23T05:13:16-06:00,314,31.73,,,,
2025-02-23T05:16:17-06:00,315,31.26,,,,
2025-02-23T05:19:17-06:00,316,31.73,,,,
2025-02-23T05:22:18-06:00,317,31.26,,,,
2025-02-23T05:25:19-06:00,318,31.73,,,,
2025-02-23T05:28:21-06:00,319,31.73,,,,
2025-02-23T05:31:22-06:00,320,31.73,,,,
2025-02-23T05:34:23-06:00,321,31.73,,,,
2025-02-23T05:37:24-06:00,322,31.73,,,,
2025-02-23T05:40:25-06:00,323,31.73,,,,
2025-02-23T05:43:26-06:00,324,31.73,,,,
2025-02-23T05:46:27-06:00,325,31.26,,,,
2025-02-23T05:49:28-06:00,326,31.73,,,,
2025-02-23T05:52:29-06:00,327,31.73,,,,
2025-02-23T05:55:30-06:00,328,31.26,,,,
2025-02-23T05:58:31-06:00,329,31.73,,,,
2025-02-23T06:01:32-06:00,330,31.73,,,,
2025-02-23T06:04:33-06:00,331,31.73,,,,
2025-02-23T06:07:34-06:00,332,31.73,,,,
2025-02-23T06:10:35-06:00,333,31.73,,,,
2025-02-23T06:13:36-06:00,334,31.73,,,,
2025-02-23T06:16:37-06:00,335,31.73,,,,
2025-02-23T06:19:38-06:00,336,31.26,,,,
2025-02-23T06:22:38-06:00,337,31.73,,,,
2025-02-23T06:25:39-06:00,338,31.73,,,,
2025-02-23T06:28:40-06:00,339,31.73,,,,
2025-02-23T06:31:41-06:00,340,31.26,,,,
2025-02-23T06:34:42-06:00,341,31.73,,,,
2025-02-23T06:37:43-06:00,342,31.73,,,,
2025-02-23T06:40:44-06:00,343,31.73,,,,
2025-02-23T06:43:45-06:00,344,31.73,,,,
2025-02-23T06:46:46-06:00,345,31.73,,,,
2025-02-23T06:49:47-06:00,346,31.73,,,,
2025-02-23T06:52:48-06:00,347,31.73,,,,
2025-02-23T06:55:49-06:00,348,31.73,,,,
2025-02-23T06:58:50-06:00,349,31.26,,,,
2025-02-23T07:01:51-06:00,350,31.73,,,,
2025-02-23T07:04:52-06:00,351,31.73,,,,
2025-02-23T07:07:53-06:00,352,31.73,,,,
2025-02-23T07:10:54-06:00,353,31.73,,,,
2025-02-23T07:13:55-06:00,354,31.73,,,,
2025-02-23T07:16:56-06:00,355,31.73,,,,
2025-02-23T07:19:57-06:00,356,31.73,,,,
2025-02-23T07:22:58-06:00,357,31.73,,,,
2025-02-23T07:25:59-06:00,358,31.73,,,,
2025-02-23T07:29:00-06:00,359,31.73,,,,
2025-02-23T07:32:01-06:00,360,31.73,,,,
2025-02-23T07:35:02-06:00,361,31.73,,,,
2025-02-23T07:38:03-06:00,362,31.73,,,,
2025-02-23T07:41:04-06:00,363,31.73,,,,
2025-02-23T07:44:05-06:00,364,31.73,,,,
2025-02-23T07:47:06-06:00,365,32.19,,,,
2025-02-23T07:50:07-06:00,366,32.19,,,,
2025-02-23T07:53:08-06:00,367,32.19,,,,
2025-02-23T07:56:09-06:00,368,32.19,,,,
2025-02-23T07:59:10-06:00,369,31.73,,,,
2025-02-23T08:02:11-06:00,370,32.19,,,,
2025-02-23T08:05:12-06:00,371,31.73,,,,
2025-02-23T08:08:13-06:00,372,31.73,,,,
2025-02-23T08:11:14-06:00,373,32.19,,,,
2025-02-23T08:14:15-06:00,374,32.19,,,,
2025-02-23T08:17:16-06:00,375,32.19,,,,
2025-02-23T08:20:17-06:00,376,32.19,,,,
2025-02-23T08:23:18-06:00,377,32.19,,,,
2025-02-23T08:26:19-06:00,378,32.19,,,,
2025-02-23T08:29:20-06:00,379,32.19,,,,
2025-02-23T08:32:21-06:00,380,32.19,,,,
2025-02-23T08:35:23-06:00,381,32.19,,,,
2025-02-23T08:38:24-06:00,382,32.19,,,,
2025-02-23T08:41:25-06:00,383,32.19,,,,
2025-02-23T08:44:26-06:00,384,32.19,,,,
2025-02-23T08:47:27-06:00,385,32.19,,,,
2025-02-23T08:50:28-06:00,386,32.19,,,,
2025-02-23T08:53:29-06:00,387,32.19,,,,
2025-02-23T08:56:30-06:00,388,32.66,,,,
2025-02-23T08:59:31-06:00,389,32.19,,,,
2025-02-23T09:02:32-06:00,390,32.66,,,,
2025-02-23T09:05:33-06:00,391,32.19,,,,
2025-02-23T09:08:34-06:00,392,32.19,,,,
2025-02-23T09:11:36-06:00,393,32.19,,,,
2025-02-23T09:14:37-06:00,394,32.19,,,,
2025-02-23T09:17:38-06:00,395,32.66,,,,
2025-02-23T09:20:39-06:00,396,32.66,,,,
2025-02-23T09:23:40-06:00,397,32.66,,,,
2025-02-23T09:26:41-06:00,398,32.66,,,,
2025-02-23T09:29:42-06:00,399,32.66,,,,
2025-02-23T09:32:43-06:00,400,32.66,,,,
2025-02-23T09:35:44-06:00,401,32.66,,,,
2025-02-23T09:38:45-06:00,402,32.66,,,,
2025-02-23T09:41:46-06:00,403,32.66,,,,
2025-02-23T09:44:47-06:00,404,32.19,,,,
2025-02-23T09:47:48-06:00,405,32.66,,,,
2025-02-23T09:50:49-06:00,406,32.66,,,,
2025-02-23T09:53:50-06:00,407,32.66,,,,
2025-02-23T09:56:51-06:00,408,32.66,,,,
2025-02-23T09:59:52-06:00,409,32.66,,,,
2025-02-23T10:02:53-06:00,410,32.66,,,,
2025-02-23T10:05:54-06:00,411,32.66,,,,
2025-02-23T10:08:55-06:00,412,32.66,,,,
2025-02-23T10:11:56-06:00,413,32.66,,,,
2025-02-23T10:14:57-06:00,414,32.66,,,,
2025-02-23T10:17:58-06:00,415,33.13,,,,
2025-02-23T10:20:59-06:00,416,33.13,,,,
2025-02-23T10:24:00-06:00,417,33.13,,,,
2025-02-23T10:27:01-06:00,418,32.66,,,,
2025-02-23T10:30:02-06:00,419,33.13,,,,
2025-02-23T10:33:03-06:00,420,32.66,,,,
2025-02-23T10:36:04-06:00,421,33.13,,,,
2025-02-23T10:39:05-06:00,422,32.66,,,,
2025-02-23T10:42:06-06:00,423,33.13,,,,
2025-02-23T10:45:08-06:00,424,32.66,,,,
2025-02-23T10:48:09-06:00,425,33.13,,,,
2025-02-23T10:51:10-06:00,426,33.6,,,,
2025-02-23T10:54:11-06:00,427,33.6,,,,
2025-02-23T10:57:12-06:00,428,33.6,,,,
2025-02-23T11:00:13-06:00,429,33.6,,,,
2025-02-23T11:03:14-06:00,430,33.13,,,,
2025-02-23T11:06:15-06:00,431,33.6,,,,
2025-02-23T11:09:16-06:00,432,33.6,,,,
2025-02-23T11:12:18-06:00,433,33.6,,,,
2025-02-23T11:15:18-06:00,434,33.6,,,,
2025-02-23T11:18:20-06:00,435,33.6,,,,
2025-02-23T11:21:21-06:00,436,33.6,,,,
2025-02-23T11:24:22-06:00,437,33.6,,,,
2025-02-23T11:27:23-06:00,438,33.6,,,,
2025-02-23T11:30:24-06:00,439,33.6,,,,
2025-02-23T11:33:25-06:00,440,33.6,,,,
2025-02-23T11:36:26-06:00,441,33.6,,,,
2025-02-23T11:39:27-06:00,442,33.6,,,,
2025-02-23T11:42:28-06:00,443,33.6,,,,
2025-02-23T11:45:30-06:00,444,33.6,,,,
2025-02-23T11:48:31-06:00,445,33.6,,,,
2025-02-23T11:51:32-06:00,446,34.07,,,,
2025-02-23T11:54:33-06:00,447,33.6,,,,
2025-02-23T11:57:34-06:00,448,34.07,,,,
2025-02-23T12:00:35-06:00,449,33.6,,,,
2025-02-23T12:03:36-06:00,450,33.6,,,,
2025-02-23T12:06:37-06:00,451,33.6,,,,
2025-02-23T12:09:38-06:00,452,33.6,,,,
2025-02-23T12:12:39-06:00,453,33.6,,,,
2025-02-23T12:15:40-06:00,454,33.6,,,,
2025-02-23T12:18:41-06:00,455,33.6,,,,
2025-02-23T12:21:42-06:00,456,34.07,,,,
2025-02-23T12:24:43-06:00,457,33.6,,,,
2025-02-23T12:27:44-06:00,458,33.6,,,,
2025-02-23T12:30:45-06:00,459,33.6,,,,
2025-02-23T12:33:46-06:00,460,34.07,,,,
2025-02-23T12:36:47-06:00,461,33.6,,,,
2025-02-23T12:39:48-06:00,462,33.6,,,,
2025-02-23T12:42:49-06:00,463,33.6,,,,
2025-02-23T12:45:51-06:00,464,33.6,,,,
2025-02-23T12:48:52-06:00,465,33.6,,,,
2025-02-23T12:51:53-06:00,466,33.6,,,,
2025-02-23T12:54:54-06:00,467,33.6,,,,
2025-02-23T12:57:55-06:00,468,33.6,,,,
2025-02-23T13:00:56-06:00,469,34.07,,,,
2025-02-23T13:03:57-06:00,470,33.6,,,,
2025-02-23T13:06:58-06:00,471,33.6,,,,
2025-02-23T13:09:59-06:00,472,33.6,,,,
2025-02-23T13:13:00-06:00,473,33.6,,,,
2025-02-23T13:16:01-06:00,474,33.6,,,,
2025-02-23T13:19:02-06:00,475,33.6,,,,
2025-02-23T13:22:03-06:00,476,33.6,,,,
2025-02-23T13:25:04-06:00,477,33.6,,,,
2025-02-23T13:28:05-06:00,478,33.6,,,,
2025-02-23T13:31:06-06:00,479,33.6,,,,
2025-02-23T13:34:07-06:00,480,33.6,,,,
2025-02-23T13:37:08-06:00,481,34.07,,,,
2025-02-23T13:40:09-06:00,482,34.07,,,,
2025-02-23T13:43:10-06:00,483,34.07,,,,
2025-02-23T13:46:12-06:00,484,33.6,,,,
2025-02-23T13:49:13-06:00,485,34.07,,,,
2025-02-23T13:52:14-06:00,486,33.6,,,,
2025-02-23T13:55:15-06:00,487,34.07,,,,
2025-02-23T13:58:16-06:00,488,34.07,,,,
2025-02-23T14:01:17-06:00,489,34.07,,,,
2025-02-23T14:04:18-06:00,490,34.53,,,,
2025-02-23T14:07:19-06:00,491,34.07,,,,
2025-02-23T14:10:20-06:00,492,34.07,,,,
2025-02-23T14:13:21-06:00,493,34.07,,,,
2025-02-23T14:16:22-06:00,494,34.53,,,,
2025-02-23T14:19:23-06:00,495,34.53,,,,
2025-02-23T14:22:24-06:00,496,34.53,,,,
2025-02-23T14:25:25-06:00,497,34.53,,,,
2025-02-23T14:28:26-06:00,498,34.53,,,,
2025-02-23T14:31:27-06:00,499,35.0,,,,
2025-02-23T14:34:28-06:00,500,34.53,,,,
2025-02-23T14:37:29-06:00,501,34.53,,,,
2025-02-23T14:40:30-06:00,502,34.53,,,,
2025-02-23T14:43:31-06:00,503,34.53,,,,
2025-02-23T14:46:32-06:00,504,35.0,,,,
2025-02-23T14:49:33-06:00,505,34.53,,,,
2025-02-23T14:52:34-06:00,506,34.53,,,,
2025-02-23T14:55:35-06:00,507,34.53,,,,
2025-02-23T14:58:36-06:00,508,34.53,,,,
2025-02-23T15:01:37-06:00,509,34.53,,,,
2025-02-23T15:04:38-06:00,510,34.07,,,,
2025-02-23T15:07:39-06:00,511,34.53,,,,
2025-02-23T15:10:41-06:00,512,34.07,,,,
2025-02-23T15:13:42-06:00,513,34.53,,,,
2025-02-23T15:16:43-06:00,514,34.07,,,,
2025-02-23T15:19:44-06:00,515,34.07,,,,
2025-02-23T15:22:45-06:00,516,34.07,,,,
2025-02-23T15:25:46-06:00,517,34.53,,,,
2025-02-23T15:28:47-06:00,518,34.53,,,,
2025-02-23T15:31:48-06:00,519,34.07,,,,
2025-02-23T15:34:49-06:00,520,34.07,,,,
2025-02-23T15:37:50-06:00,521,34.07,,,,
2025-02-23T15:40:51-06:00,522,34.53,,,,
2025-02-23T15:43:52-06:00,523,34.53,,,,
2025-02-23T15:46:53-06:00,524,34.53,,,,
2025-02-23T15:49:54-06:00,525,34.07,,,,
2025-02-23T15:52:55-06:00,526,34.53,,,,
2025-02-23T15:55:56-06:00,527,34.53,,,,
2025-02-23T15:58:57-06:00,528,34.53,,,,
2025-02-23T16:01:58-06:00,529,34.07,,,,
2025-02-23T16:04:59-06:00,530,34.53,,,,
2025-02-23T16:08:00-06:00,531,34.53,,,,
2025-02-23T16:11:01-06:00,532,34.53,,,,
2025-02-23T16:14:02-06:00,533,34.53,,,,
2025-02-23T16:17:03-06:00,534,34.53,,,,
2025-02-23T16:20:04-06:00,535,34.53,,,,
2025-02-23T16:23:06-06:00,536,35.0,,,,
2025-02-23T16:26:07-06:00,537,34.53,,,,
2025-02-23T16:29:08-06:00,538,34.53,,,,
2025-02-23T16:32:09-06:00,539,34.53,,,,
2025-02-23T16:35:10-06:00,540,35.0,,,,
2025-02-23T16:38:12-06:00,541,34.53,,,,
2025-02-23T16:41:13-06:00,542,34.53,,,,
2025-02-23T16:44:14-06:00,543,34.53,,,,
2025-02-23T16:47:15-06:00,544,35.0,,,,
2025-02-23T16:50:16-06:00,545,34.53,,,,
2025-02-23T16:53:17-06:00,546,35.0,,,,
2025-02-23T16:56:18-06:00,547,34.53,,,,
2025-02-23T16:59:19-06:00,548,34.53,,,,
2025-02-23T17:02:20-06:00,549,34.53,,,,
2025-02-23T17:05:21-06:00,550,34.53,,,,
2025-02-23T17:08:23-06:00,551,34.53,,,,
2025-02-23T17:11:24-06:00,552,34.53,,,,
2025-02-23T17:14:25-06:00,553,34.53,,,,
2025-02-23T17:17:25-06:00,554,34.53,,,,
2025-02-23T17:20:26-06:00,555,34.53,,,,
2025-02-23T17:23:28-06:00,556,34.53,,,,
2025-02-23T17:26:29-06:00,557,34.53,,,,
2025-02-23T17:29:30-06:00,558,34.53,,,,
2025-02-23T17:32:31-06:00,559,34.53,,,,
2025-02-23T17:35:32-06:00,560,34.53,,,,
2025-02-23T17:38:33-06:00,561,34.53,,,,
2025-02-23T17:41:34-06:00,562,35.0,,,,
2025-02-23T17:44:35-06:00,563,34.53,,,,
2025-02-23T17:47:35-06:00,564,34.53,,,,
2025-02-23T17:50:37-06:00,565,34.53,,,,
2025-02-23T17:53:38-06:00,566,34.53,,,,
2025-02-23T17:56:38-06:00,567,34.53,,,,
2025-02-23T17:59:39-06:00,568,34.07,,,,
2025-02-23T18:02:41-06:00,569,34.53,,,,
2025-02-23T18:05:42-06:00,570,34.53,,,,
2025-02-23T18:08:43-06:00,571,34.53,,,,
2025-02-23T18:11:44-06:00,572,34.53,,,,
2025-02-23T18:14:45-06:00,573,34.53,,,,
2025-02-23T18:17:46-06:00,574,34.53,,,,
2025-02-23T18:20:47-06:00,575,34.53,,,,
2025-02-23T18:23:47-06:00,576,34.53,,,,
2025-02-23T18:26:49-06:00,577,35.0,,,,
2025-02-23T18:29:50-06:00,578,35.0,,,,
2025-02-23T18:32:51-06:00,579,34.53,,,,
2025-02-23T18:35:52-06:00,580,35.0,,,,
2025-02-23T18:38:53-06:00,581,35.0,,,,
2025-02-23T18:41:54-06:00,582,35.0,,,,
2025-02-23T18:44:55-06:00,583,34.53,,,,
2025-02-23T18:47:56-06:00,584,35.0,,,,
2025-02-23T18:50:57-06:00,585,35.0,,,,
2025-02-23T18:53:58-06:00,586,35.0,,,,
2025-02-23T18:56:59-06:00,587,35.0,,,,
2025-02-23T19:00:00-06:00,588,35.0,,,,
2025-02-23T19:03:01-06:00,589,35.0,,,,
2025-02-23T19:06:02-06:00,590,35.0,,,,
2025-02-23T19:09:03-06:00,591,35.0,,,,
2025-02-23T19:12:05-06:00,592,35.0,,,,
2025-02-23T19:15:06-06:00,593,35.0,,,,
2025-02-23T19:18:07-06:00,594,35.0,,,,
2025-02-23T19:21:08-06:00,595,34.53,,,,
2025-02-23T19:24:09-06:00,596,35.0,,,,
2025-02-23T19:27:10-06:00,597,35.0,,,,
2025-02-23T19:30:11-06:00,598,35.0,,,,
2025-02-23T19:33:12-06:00,599,35.0,,,,
2025-02-23T19:36:13-06:00,600,35.0,,,,
2025-02-23T19:39:14-06:00,601,35.0,,,,
2025-02-23T19:42:15-06:00,602,35.0,,,,
2025-02-23T19:45:16-06:00,603,35.0,,,,
2025-02-23T19:48:17-06:00,604,35.0,,,,
2025-02-23T19:51:18-06:00,605,34.53,,,,
2025-02-23T19:54:19-06:00,606,35.0,,,,
2025-02-23T19:57:21-06:00,607,35.0,,,,
2025-02-23T20:00:22-06:00,608,35.0,,,,
2025-02-23T20:03:23-06:00,609,35.0,,,,
2025-02-23T20:06:24-06:00,610,35.0,,,,
2025-02-23T20:09:25-06:00,611,35.47,,,,
2025-02-23T20:12:26-06:00,612,35.0,,,,
2025-02-23T20:15:27-06:00,613,35.0,,,,
2025-02-23T20:18:28-06:00,614,35.0,,,,
2025-02-23T20:21:29-06:00,615,35.0,,,,
2025-02-23T20:24:30-06:00,616,35.0,,,,
2025-02-23T20:27:31-06:00,617,35.0,,,,
2025-02-23T20:30:32-06:00,618,35.0,,,,
2025-02-23T20:33:33-06:00,619,35.0,,,,
2025-02-23T20:36:35-06:00,620,35.0,,,,
2025-02-23T20:39:36-06:00,621,35.0,,,,
2025-02-23T20:42:37-06:00,622,35.0,,,,
2025-02-23T20:45:39-06:00,623,35.0,,,,
2025-02-23T20:48:40-06:00,624,34.53,,,,
2025-02-23T20:51:41-06:00,625,35.0,,,,
2025-02-23T20:54:42-06:00,626,34.53,,,,
2025-02-23T20:57:43-06:00,627,35.0,,,,
2025-02-23T21:00:44-06:00,628,35.0,,,,
2025-02-23T21:03:45-06:00,629,35.0,,,,
2025-02-23T21:06:46-06:00,630,35.47,,,,
2025-02-23T21:09:47-06:00,631,34.53,,,,
2025-02-23T21:12:48-06:00,632,35.0,,,,
2025-02-23T21:15:49-06:00,633,35.0,,,,
2025-02-23T21:18:50-06:00,634,35.0,,,,
2025-02-23T21:21:51-06:00,635,35.0,,,,
2025-02-23T21:24:52-06:00,636,35.0,,,,
2025-02-23T21:27:54-06:00,637,35.0,,,,
2025-02-23T21:30:55-06:00,638,34.53,,,,
2025-02-23T21:33:56-06:00,639,34.53,,,,
2025-02-23T21:36:57-06:00,640,35.0,,,,
2025-02-23T21:39:58-06:00,641,34.53,,,,
2025-02-23T21:42:59-06:00,642,35.0,,,,
2025-02-23T21:46:00-06:00,643,35.0,,,,
2025-02-23T21:49:01-06:00,644,34.53,,,,
2025-02-23T21:52:03-06:00,645,35.0,,,,
2025-02-23T21:55:04-06:00,646,35.0,,,,
2025-02-23T21:58:06-06:00,647,35.0,,,,
2025-02-23T22:01:07-06:00,648,35.0,,,,
2025-02-23T22:04:08-06:00,649,35.0,,,,
2025-02-23T22:07:09-06:00,650,35.0,,,,
2025-02-23T22:10:10-06:00,651,35.0,,,,
2025-02-23T22:13:11-06:00,652,35.0,,,,
2025-02-23T22:16:12-06:00,653,35.0,,,,
2025-02-23T22:19:14-06:00,654,35.0,,,,
2025-02-23T22:22:15-06:00,655,35.0,,,,
2025-02-23T22:25:17-06:00,656,35.0,,,,
2025-02-23T22:28:18-06:00,657,35.0,,,,
2025-02-23T22:31:20-06:00,658,35.0,,,,
2025-02-23T22:34:21-06:00,659,35.0,,,,
2025-02-23T22:37:22-06:00,660,35.0,,,,
2025-02-23T22:40:23-06:00,661,35.0,,,,
2025-02-23T22:43:24-06:00,662,35.0,,,,
2025-02-23T22:46:26-06:00,663,35.0,,,,
2025-02-23T22:49:27-06:00,664,35.0,,,,
2025-02-23T22:52:28-06:00,665,35.0,,,,
2025-02-23T22:55:29-06:00,666,35.0,,,,
2025-02-23T22:58:30-06:00,667,35.0,,,,
2025-02-23T23:01:31-06:00,668,35.0,,,,
2025-02-23T23:04:32-06:00,669,35.0,,,,
2025-02-23T23:07:33-06:00,670,35.0,,,,
2025-02-23T23:10:34-06:00,671,34.53,,,,
2025-02-23T23:13:35-06:00,672,34.07,,,,
2025-02-23T23:16:36-06:00,673,34.07,,,,
2025-02-23T23:19:37-06:00,674,33.6,,,,
2025-02-23T23:22:39-06:00,675,33.6,,,,
2025-02-23T23:25:40-06:00,676,33.6,,,,
2025-02-23T23:28:41-06:00,677,33.13,,,,
2025-02-23T23:31:42-06:00,678,32.66,,,,
2025-02-23T23:34:43-06:00,679,32.19,,,,
2025-02-23T23:37:44-06:00,680,32.19,,,,
2025-02-23T23:40:45-06:00,681,32.19,,,,
2025-02-23T23:43:47-06:00,682,32.66,,,,
2025-02-23T23:46:48-06:00,683,32.19,,,,
2025-02-23T23:49:49-06:00,684,32.19,,,,
2025-02-23T23:52:50-06:00,685,32.19,,,,
2025-02-23T23:55:51-06:00,686,31.73,,,,
2025-02-23T23:58:52-06:00,687,32.19,,,,
2025-02-24T00:01:53-06:00,688,32.19,,,,
2025-02-24T00:04:54-06:00,689,32.19,,,,
2025-02-24T00:07:55-06:00,690,32.19,,,,
2025-02-24T00:10:56-06:00,691,32.19,,,,
2025-02-24T00:13:57-06:00,692,32.19,,,,
2025-02-24T00:16:58-06:00,693,31.73,,,,
2025-02-24T00:19:59-06:00,694,32.19,,,,
2025-02-24T00:23:00-06:00,695,31.73,,,,
2025-02-24T00:26:01-06:00,696,31.73,,,,
2025-02-24T00:29:02-06:00,697,31.73,,,,
2025-02-24T00:32:03-06:00,698,31.73,,,,
2025-02-24T00:35:04-06:00,699,31.73,,,,
2025-02-24T00:38:06-06:00,700,31.73,,,,
2025-02-24T00:41:07-06:00,701,31.73,,,,
2025-02-24T00:44:08-06:00,702,31.73,,,,
2025-02-24T00:47:09-06:00,703,31.73,,,,
2025-02-24T00:50:10-06:00,704,31.73,,,,
2025-02-24T00:53:11-06:00,705,31.73,,,,
2025-02-24T00:56:12-06:00,706,31.73,,,,
2025-02-24T00:59:13-06:00,707,31.73,,,,
2025-02-24T01:02:15-06:00,708,31.73,,,,
2025-02-24T01:05:16-06:00,709,31.73,,,,
2025-02-24T01:08:17-06:00,710,31.73,,,,
2025-02-24T01:11:18-06:00,711,31.73,,,,
2025-02-24T01:14:18-06:00,712,31.73,,,,
2025-02-24T01:17:20-06:00,713,31.73,,,,
2025-02-24T01:20:21-06:00,714,31.26,,,,
2025-02-24T01:23:22-06:00,715,31.73,,,,
2025-02-24T01:26:23-06:00,716,31.26,,,,
2025-02-24T01:29:24-06:00,717,31.73,,,,
2025-02-24T01:32:25-06:00,718,31.73,,,,
2025-02-24T01:35:26-06:00,719,31.26,,,,
2025-02-24T01:38:27-06:00,720,31.26,,,,
2025-02-24T01:41:28-06:00,721,31.26,,,,
2025-02-24T01:44:29-06:00,722,31.26,,,,
2025-02-24T01:47:30-06:00,723,31.26,,,,
2025-02-24T01:50:31-06:00,724,31.26,,,,
2025-02-24T01:53:32-06:00,725,31.26,,,,
2025-02-24T01:56:33-06:00,726,31.73,,,,
2025-02-24T01:59:35-06:00,727,31.26,,,,
2025-02-24T02:02:36-06:00,728,31.73,,,,
2025-02-24T02:05:37-06:00,729,31.26,,,,
2025-02-24T02:08:38-06:00,730,31.26,,,,
2025-02-24T02:11:39-06:00,731,31.26,,,,
2025-02-24T02:14:40-06:00,732,31.26,,,,
2025-02-24T02:17:41-06:00,733,31.26,,,,
2025-02-24T02:20:42-06:00,734,31.26,,,,
2025-02-24T02:23:43-06:00,735,31.26,,,,
2025-02-24T02:26:44-06:00,736,31.26,,,,
2025-02-24T02:29:45-06:00,737,31.26,,,,
2025-02-24T02:32:46-06:00,738,31.26,,,,
2025-02-24T02:35:47-06:00,739,31.26,,,,
2025-02-24T02:38:48-06:00,740,31.26,,,,
2025-02-24T02:41:49-06:00,741,31.26,,,,
2025-02-24T02:44:50-06:00,742,31.26,,,,
2025-02-24T02:47:51-06:00,743,31.26,,,,
2025-02-24T02:50:52-06:00,744,31.26,,,,
2025-02-24T02:53:54-06:00,745,31.26,,,,
2025-02-24T02:56:55-06:00,746,31.26,,,,
2025-02-24T02:59:56-06:00,747,31.73,,,,
2025-02-24T03:02:57-06:00,748,31.73,,,,
2025-02-24T03:05:58-06:00,749,31.73,,,,
2025-02-24T03:08:59-06:00,750,31.73,,,,
2025-02-24T03:12:00-06:00,751,32.19,,,,
2025-02-24T03:15:01-06:00,752,31.73,,,,
2025-02-24T03:18:02-06:00,753,32.19,,,,
2025-02-24T03:21:03-06:00,754,32.19,,,,
2025-02-24T03:24:04-06:00,755,32.19,,,,
2025-02-24T03:27:05-06:00,756,32.19,,,,
2025-02-24T03:30:06-06:00,757,32.19,,,,
2025-02-24T03:33:07-06:00,758,32.66,,,,
2025-02-24T03:36:08-06:00,759,32.19,,,,
2025-02-24T03:39:09-06:00,760,32.66,,,,
2025-02-24T03:42:10-06:00,761,32.66,,,,
2025-02-24T03:45:11-06:00,762,32.66,,,,
2025-02-24T03:48:12-06:00,763,32.66,,,,
2025-02-24T03:51:13-06:00,764,32.66,,,,
2025-02-24T03:54:14-06:00,765,32.66,,,,
2025-02-24T03:57:16-06:00,766,32.66,,,,
2025-02-24T04:00:17-06:00,767,32.66,,,,
2025-02-24T04:03:18-06:00,768,33.13,,,,
2025-02-24T04:06:19-06:00,769,32.66,,,,
2025-02-24T04:09:19-06:00,770,33.13,,,,
2025-02-24T04:12:20-06:00,771,32.66,,,,
2025-02-24T04:15:22-06:00,772,33.13,,,,
2025-02-24T04:18:23-06:00,773,32.66,,,,
2025-02-24T04:21:24-06:00,774,33.6,,,,
2025-02-24T04:24:25-06:00,775,33.13,,,,
2025-02-24T04:27:26-06:00,776,33.13,,,,
2025-02-24T04:30:27-06:00,777,33.6,,,,
2025-02-24T04:33:28-06:00,778,33.6,,,,
2025-02-24T04:36:29-06:00,779,33.6,,,,
2025-02-24T04:39:30-06:00,780,33.13,,,,
2025-02-24T04:42:31-06:00,781,33.13,,,,
2025-02-24T04:45:32-06:00,782,33.6,,,,
2025-02-24T04:48:33-06:00,783,33.6,,,,
2025-02-24T04:51:34-06:00,784,33.6,,,,
2025-02-24T04:54:35-06:00,785,33.13,,,,
2025-02-24T04:57:36-06:00,786,33.6,,,,
2025-02-24T05:00:37-06:00,787,33.6,,,,
2025-02-24T05:03:39-06:00,788,33.6,,,,
2025-02-24T05:06:40-06:00,789,33.6,,,,
2025-02-24T05:09:41-06:00,790,32.66,,,,
2025-02-24T05:12:42-06:00,791,33.6,,,,
2025-02-24T05:15:43-06:00,792,33.6,,,,
2025-02-24T05:18:44-06:00,793,33.6,,,,
2025-02-24T05:21:45-06:00,794,33.6,,,,
2025-02-24T05:24:46-06:00,795,33.6,,,,
2025-02-24T05:27:47-06:00,796,33.6,,,,
2025-02-24T05:30:48-06:00,797,33.6,,,,
2025-02-24T05:33:49-06:00,798,33.6,,,,
2025-02-24T05:36:50-06:00,799,33.6,,,,
2025-02-24T05:39:51-06:00,800,33.6,,,,
2025-02-24T05:42:52-06:00,801,33.6,,,,
2025-02-24T05:45:53-06:00,802,33.6,,,,
2025-02-24T05:48:54-06:00,803,33.6,,,,
2025-02-24T05:51:56-06:00,804,33.6,,,,
2025-02-24T05:54:57-06:00,805,33.6,,,,
2025-02-24T05:57:58-06:00,806,33.6,,,,
2025-02-24T06:00:59-06:00,807,33.6,,,,
2025-02-24T06:04:00-06:00,808,33.6,,,,
2025-02-24T06:07:01-06:00,809,33.6,,,,
2025-02-24T06:10:02-06:00,810,33.6,,,,
2025-02-24T06:13:03-06:00,811,33.6,,,,
2025-02-24T06:16:04-06:00,812,33.6,,,,
2025-02-24T06:19:05-06:00,813,33.6,,,,
2025-02-24T06:22:06-06:00,814,33.6,,,,
2025-02-24T06:25:07-06:00,815,33.6,,,,
2025-02-24T06:28:08-06:00,816,33.6,,,,
2025-02-24T06:31:09-06:00,817,33.6,,,,
2025-02-24T06:34:11-06:00,818,33.6,,,,
2025-02-24T06:37:11-06:00,819,33.6,,,,
2025-02-24T06:40:13-06:00,820,33.6,,,,
2025-02-24T06:43:14-06:00,821,33.6,,,,
2025-02-24T06:46:15-06:00,822,33.6,,,,
2025-02-24T06:49:16-06:00,823,33.6,,,,
2025-02-24T06:52:17-06:00,824,33.6,,,,
2025-02-24T06:55:18-06:00,825,33.6,,,,
2025-02-24T06:58:19-06:00,826,33.6,,,,
2025-02-24T07:01:20-06:00,827,33.13,,,,
2025-02-24T07:04:21-06:00,828,33.6,,,,
2025-02-24T07:07:22-06:00,829,33.6,,,,
2025-02-24T07:10:23-06:00,830,33.6,,,,
2025-02-24T07:13:24-06:00,831,33.6,,,,
2025-02-24T07:16:25-06:00,832,33.6,,,,
2025-02-24T07:19:26-06:00,833,33.6,,,,
2025-02-24T07:22:27-06:00,834,33.6,,,,
2025-02-24T07:25:28-06:00,835,33.6,,,,
2025-02-24T07:28:29-06:00,836,33.6,,,,
2025-02-24T07:31:30-06:00,837,33.6,,,,
2025-02-24T07:34:31-06:00,838,33.6,,,,
2025-02-24T07:37:33-06:00,839,33.6,,,,
2025-02-24T07:40:34-06:00,840,33.6,,,,
2025-02-24T07:43:35-06:00,841,33.6,,,,
2025-02-24T07:46:36-06:00,842,33.13,,,,
2025-02-24T07:49:37-06:00,843,33.6,,,,
2025-02-24T07:52:38-06:00,844,33.6,,,,
2025-02-24T07:55:39-06:00,845,33.6,,,,
2025-02-24T07:58:40-06:00,846,33.6,,,,
2025-02-24T08:01:41-06:00,847,33.6,,,,
2025-02-24T08:04:42-06:00,848,33.6,,,,
2025-02-24T08:07:43-06:00,849,33.6,,,,
2025-02-24T08:10:44-06:00,850,33.6,,,,
2025-02-24T08:13:45-06:00,851,33.6,,,,
2025-02-24T08:16:46-06:00,852,33.6,,,,
2025-02-24T08:19:47-06:00,853,33.6,,,,
2025-02-24T08:22:48-06:00,854,33.6,,,,
2025-02-24T08:25:49-06:00,855,33.6,,,,
2025-02-24T08:28:51-06:00,856,33.6,,,,
2025-02-24T08:31:52-06:00,857,33.6,,,,
2025-02-24T08:34:53-06:00,858,33.6,,,,
2025-02-24T08:37:54-06:00,859,33.6,,,,
2025-02-24T08:40:55-06:00,860,33.6,,,,
2025-02-24T08:43:56-06:00,861,33.6,,,,
2025-02-24T08:46:57-06:00,862,33.6,,,,
2025-02-24T08:49:58-06:00,863,33.6,,,,
2025-02-24T08:52:59-06:00,864,33.6,,,,
2025-02-24T08:56:00-06:00,865,34.07,,,,
2025-02-24T08:59:01-06:00,866,33.6,,,,
2025-02-24T09:02:02-06:00,867,33.6,,,,
2025-02-24T09:05:03-06:00,868,33.6,,,,
2025-02-24T09:08:04-06:00,869,33.6,,,,
2025-02-24T09:11:05-06:00,870,33.6,,,,
2025-02-24T09:14:06-06:00,871,33.6,,,,
2025-02-24T09:17:08-06:00,872,33.6,,,,
2025-02-24T09:20:09-06:00,873,34.07,,,,
2025-02-24T09:23:10-06:00,874,33.6,,,,
2025-02-24T09:26:11-06:00,875,34.07,,,,
2025-02-24T09:29:12-06:00,876,33.6,,,,
2025-02-24T09:32:13-06:00,877,34.07,,,,
2025-02-24T09:35:14-06:00,878,33.6,,,,
2025-02-24T09:38:15-06:00,879,34.07,,,,
2025-02-24T09:41:16-06:00,880,34.07,,,,
2025-02-24T09:44:17-06:00,881,34.07,,,,
2025-02-24T09:47:18-06:00,882,34.07,,,,
2025-02-24T09:50:19-06:00,883,34.07,,,,
2025-02-24T09:53:20-06:00,884,34.07,,,,
2025-02-24T09:56:21-06:00,885,34.07,,,,
2025-02-24T09:59:22-06:00,886,34.07,,,,
2025-02-24T10:02:23-06:00,887,34.07,,,,
2025-02-24T10:05:24-06:00,888,34.07,,,,
2025-02-24T10:08:25-06:00,889,34.07,,,,
2025-02-24T10:11:26-06:00,890,34.07,,,,
2025-02-24T10:14:27-06:00,891,34.07,,,,
2025-02-24T10:17:28-06:00,892,34.07,,,,
2025-02-24T10:20:29-06:00,893,34.07,,,,
2025-02-24T10:23:30-06:00,894,34.07,,,,
2025-02-24T10:26:32-06:00,895,34.07,,,,
2025-02-24T10:29:33-06:00,896,33.6,,,,
2025-02-24T10:32:34-06:00,897,33.6,,,,
2025-02-24T10:35:35-06:00,898,34.07,,,,
2025-02-24T10:38:36-06:00,899,33.6,,,,
2025-02-24T10:41:37-06:00,900,33.6,,,,
2025-02-24T10:44:38-06:00,901,33.6,,,,
2025-02-24T10:47:39-06:00,902,33.6,,,,
2025-02-24T10:50:40-06:00,903,34.07,,,,
2025-02-24T10:53:41-06:00,904,33.6,,,,
2025-02-24T10:56:42-06:00,905,33.6,,,,
2025-02-24T10:59:43-06:00,906,34.07,,,,
2025-02-24T11:02:44-06:00,907,33.6,,,,
2025-02-24T11:05:45-06:00,908,34.07,,,,
2025-02-24T11:08:46-06:00,909,34.07,,,,
2025-02-24T11:11:47-06:00,910,34.07,,,,
2025-02-24T11:14:48-06:00,911,34.07,,,,
2025-02-24T11:17:49-06:00,912,34.07,,,,
2025-02-24T11:20:50-06:00,913,34.07,,,,
2025-02-24T11:23:51-06:00,914,34.07,,,,
2025-02-24T11:26:52-06:00,915,34.07,,,,
2025-02-24T11:29:53-06:00,916,34.07,,,,
2025-02-24T11:32:54-06:00,917,34.07,,,,
2025-02-24T11:35:55-06:00,918,34.07,,,,
2025-02-24T11:38:56-06:00,919,34.07,,,,
2025-02-24T11:41:57-06:00,920,34.07,,,,
2025-02-24T11:44:58-06:00,921,34.07,,,,
2025-02-24T11:47:59-06:00,922,34.53,,,,
2025-02-24T11:51:00-06:00,923,34.53,,,,
2025-02-24T11:54:01-06:00,924,34.53,,,,
2025-02-24T11:57:02-06:00,925,34.53,,,,
2025-02-24T12:00:04-06:00,926,34.53,,,,
2025-02-24T12:03:05-06:00,927,34.07,,,,
2025-02-24T12:06:06-06:00,928,34.07,,,,
2025-02-24T12:09:07-06:00,929,34.53,,,,
2025-02-24T12:12:08-06:00,930,34.53,,,,
2025-02-24T12:15:09-06:00,931,34.53,,,,
2025-02-24T12:18:10-06:00,932,34.53,,,,
2025-02-24T12:21:11-06:00,933,34.07,,,,
2025-02-24T12:24:12-06:00,934,34.07,,,,
2025-02-24T12:27:13-06:00,935,34.53,,,,
2025-02-24T12:30:14-06:00,936,34.53,,,,
2025-02-24T12:33:15-06:00,937,34.53,,,,
2025-02-24T12:36:16-06:00,938,34.07,,,,
2025-02-24T12:39:17-06:00,939,34.07,,,,
2025-02-24T12:42:18-06:00,940,34.53,,,,
2025-02-24T12:45:19-06:00,941,34.53,,,,
2025-02-24T12:48:20-06:00,942,34.07,,,,
2025-02-24T12:51:21-06:00,943,34.53,,,,
2025-02-24T12:54:22-06:00,944,34.53,,,,
2025-02-24T12:57:23-06:00,945,34.53,,,,
2025-02-24T13:00:25-06:00,946,34.53,,,,
2025-02-24T13:03:26-06:00,947,34.07,,,,
2025-02-24T13:06:27-06:00,948,34.53,,,,
2025-02-24T13:09:28-06:00,949,34.53,,,,
2025-02-24T13:12:29-06:00,950,34.53,,,,
2025-02-24T13:15:30-06:00,951,34.53,,,,
2025-02-24T13:18:31-06:00,952,34.53,,,,
2025-02-24T13:21:32-06:00,953,34.07,,,,
2025-02-24T13:24:33-06:00,954,34.53,,,,
2025-02-24T13:27:34-06:00,955,34.53,,,,
2025-02-24T13:30:35-06:00,956,34.53,,,,
2025-02-24T13:33:36-06:00,957,34.53,,,,
2025-02-24T13:36:37-06:00,958,34.53,,,,
2025-02-24T13:39:38-06:00,959,34.53,,,,
2025-02-24T13:42:40-06:00,960,34.53,,,,
2025-02-24T13:45:41-06:00,961,34.53,,,,
2025-02-24T13:48:42-06:00,962,34.53,,,,
2025-02-24T13:51:43-06:00,963,34.53,,,,
2025-02-24T13:54:44-06:00,964,34.53,,,,
2025-02-24T13:57:45-06:00,965,34.53,,,,
2025-02-24T14:00:46-06:00,966,34.53,,,,
2025-02-24T14:03:47-06:00,967,34.53,,,,
2025-02-24T14:06:48-06:00,968,34.53,,,,
2025-02-24T14:09:49-06:00,969,35.0,,,,
2025-02-24T14:12:50-06:00,970,34.53,,,,
2025-02-24T14:15:51-06:00,971,35.0,,,,
2025-02-24T14:18:52-06:00,972,35.0,,,,
2025-02-24T14:21:53-06:00,973,35.0,,,,
2025-02-24T14:24:54-06:00,974,35.0,,,,
2025-02-24T14:27:55-06:00,975,34.53,,,,
2025-02-24T14:30:56-06:00,976,35.0,,,,
2025-02-24T14:33:57-06:00,977,35.0,,,,
2025-02-24T14:36:59-06:00,978,34.53,,,,
2025-02-24T14:39:59-06:00,979,35.0,,,,
2025-02-24T14:43:01-06:00,980,35.0,,,,
2025-02-24T14:46:02-06:00,981,35.0,,,,
2025-02-24T14:49:03-06:00,982,35.0,,,,
2025-02-24T14:52:04-06:00,983,35.0,,,,
2025-02-24T14:55:05-06:00,984,35.0,,,,
2025-02-24T14:58:06-06:00,985,35.0,,,,
2025-02-24T15:01:07-06:00,986,34.53,,,,
2025-02-24T15:04:08-06:00,987,35.0,,,,
2025-02-24T15:07:09-06:00,988,35.0,,,,
2025-02-24T15:10:10-06:00,989,35.0,,,,
2025-02-24T15:13:11-06:00,990,35.0,,,,
2025-02-24T15:16:12-06:00,991,35.0,,,,
2025-02-24T15:19:14-06:00,992,34.53,,,,
2025-02-24T15:22:15-06:00,993,35.0,,,,
2025-02-24T15:25:16-06:00,994,34.53,,,,
2025-02-24T15:28:17-06:00,995,34.53,,,,
2025-02-24T15:31:18-06:00,996,34.53,,,,
2025-02-24T15:34:19-06:00,997,35.0,,,,
2025-02-24T15:37:20-06:00,998,35.0,,,,
2025-02-24T15:40:21-06:00,999,35.0,,,,
2025-02-24T15:43:22-06:00,1000,35.0,,,,
2025-02-24T15:46:23-06:00,1001,35.0,,,,
2025-02-24T15:49:24-06:00,1002,35.0,,,,
2025-02-24T15:52:25-06:00,1003,35.0,,,,
2025-02-24T15:55:26-06:00,1004,35.0,,,,
2025-02-24T15:58:27-06:00,1005,35.0,,,,
2025-02-24T16:01:28-06:00,1006,35.0,,,,
2025-02-24T16:04:29-06:00,1007,34.53,,,,
2025-02-24T16:07:31-06:00,1008,34.53,,,,
2025-02-24T16:10:32-06:00,1009,35.0,,,,
2025-02-24T16:13:33-06:00,1010,35.0,,,,
2025-02-24T16:16:34-06:00,1011,34.53,,,,
2025-02-24T16:19:35-06:00,1012,35.0,,,,
2025-02-24T16:22:36-06:00,1013,35.0,,,,
2025-02-24T16:25:37-06:00,1014,35.0,,,,
2025-02-24T16:28:38-06:00,1015,35.0,,,,
2025-02-24T16:31:39-06:00,1016,35.0,,,,
2025-02-24T16:34:40-06:00,1017,35.0,,,,
2025-02-24T16:37:41-06:00,1018,35.0,,,,
2025-02-24T16:40:42-06:00,1019,35.0,,,,
2025-02-24T16:43:44-06:00,1020,35.0,,,,
2025-02-24T16:46:45-06:00,1021,35.0,,,,
2025-02-24T16:49:46-06:00,1022,35.0,,,,
2025-02-24T16:52:47-06:00,1023,35.0,,,,
2025-02-24T16:55:48-06:00,1024,35.0,,,,
2025-02-24T16:58:49-06:00,1025,35.0,,,,
2025-02-24T17:01:50-06:00,1026,35.0,,,,
2025-02-24T17:04:51-06:00,1027,35.0,,,,
2025-02-24T17:07:52-06:00,1028,35.0,,,,
2025-02-24T17:10:53-06:00,1029,35.0,,,,
2025-02-24T17:13:54-06:00,1030,35.0,,,,
2025-02-24T17:16:56-06:00,1031,35.0,,,,
2025-02-24T17:19:57-06:00,1032,35.0,,,,
2025-02-24T17:22:58-06:00,1033,34.53,,,,
2025-02-24T17:25:59-06:00,1034,35.0,,,,
2025-02-24T17:29:00-06:00,1035,34.53,,,,
2025-02-24T17:32:02-06:00,1036,35.0,,,,
2025-02-24T17:35:03-06:00,1037,35.0,,,,
2025-02-24T17:38:04-06:00,1038,35.0,,,,
2025-02-24T17:41:05-06:00,1039,35.0,,,,
2025-02-24T17:44:06-06:00,1040,35.0,,,,
2025-02-24T17:47:07-06:00,1041,35.0,,,,
2025-02-24T17:50:08-06:00,1042,35.0,,,,
2025-02-24T17:53:09-06:00,1043,35.0,,,,
2025-02-24T17:56:11-06:00,1044,34.53,,,,
2025-02-24T17:59:12-06:00,1045,35.0,,,,
2025-02-24T18:02:13-06:00,1046,35.0,,,,
2025-02-24T18:05:14-06:00,1047,35.0,,,,
2025-02-24T18:08:15-06:00,1048,35.0,,,,
2025-02-24T18:11:16-06:00,1049,35.0,,,,
2025-02-24T18:14:17-06:00,1050,35.0,,,,
2025-02-24T18:17:18-06:00,1051,35.0,,,,
2025-02-24T18:20:19-06:00,1052,35.0,,,,
2025-02-24T18:23:20-06:00,1053,35.0,,,,
2025-02-24T18:26:21-06:00,1054,34.53,,,,
2025-02-24T18:29:22-06:00,1055,35.0,,,,
2025-02-24T18:32:23-06:00,1056,35.0,,,,
2025-02-24T18:35:25-06:00,1057,35.0,,,,
2025-02-24T18:38:26-06:00,1058,35.0,,,,
2025-02-24T18:41:27-06:00,1059,34.53,,,,
2025-02-24T18:44:28-06:00,1060,35.0,,,,
2025-02-24T18:47:29-06:00,1061,35.0,,,,
2025-02-24T18:50:30-06:00,1062,35.0,,,,
2025-02-24T18:53:31-06:00,1063,35.0,,,,
2025-02-24T18:56:32-06:00,1064,35.0,,,,
2025-02-24T18:59:33-06:00,1065,34.53,,,,
2025-02-24T19:02:34-06:00,1066,35.0,,,,
2025-02-24T19:05:35-06:00,1067,34.53,,,,
2025-02-24T19:08:36-06:00,1068,35.0,,,,
2025-02-24T19:11:38-06:00,1069,35.0,,,,
2025-02-24T19:14:39-06:00,1070,35.0,,,,
2025-02-24T19:17:40-06:00,1071,34.53,,,,
2025-02-24T19:20:41-06:00,1072,35.0,,,,
2025-02-24T19:23:42-06:00,1073,35.0,,,,
2025-02-24T19:26:43-06:00,1074,35.0,,,,
2025-02-24T19:29:44-06:00,1075,35.0,,,,
2025-02-24T19:32:45-06:00,1076,35.0,,,,
2025-02-24T19:35:46-06:00,1077,34.53,,,,
2025-02-24T19:38:47-06:00,1078,34.53,,,,
2025-02-24T19:41:48-06:00,1079,35.0,,,,
2025-02-24T19:44:49-06:00,1080,35.0,,,,
2025-02-24T19:47:50-06:00,1081,34.53,,,,
2025-02-24T19:50:51-06:00,1082,35.0,,,,
2025-02-24T19:53:52-06:00,1083,35.0,,,,
2025-02-24T19:56:53-06:00,1084,35.0,,,,
2025-02-24T19:59:54-06:00,1085,35.0,,,,
2025-02-24T20:02:55-06:00,1086,35.0,,,,
2025-02-24T20:05:56-06:00,1087,35.0,,,,
2025-02-24T20:08:57-06:00,1088,34.53,,,,
2025-02-24T20:11:58-06:00,1089,35.0,,,,
2025-02-24T20:14:59-06:00,1090,34.53,,,,
2025-02-24T20:18:00-06:00,1091,34.53,,,,
2025-02-24T20:21:01-06:00,1092,35.0,,,,
2025-02-24T20:24:02-06:00,1093,35.0,,,,
2025-02-24T20:27:03-06:00,1094,35.0,,,,
2025-02-24T20:30:04-06:00,1095,35.0,,,,
2025-02-24T20:33:05-06:00,1096,34.53,,,,
2025-02-24T20:36:07-06:00,1097,34.53,,,,
2025-02-24T20:39:08-06:00,1098,34.53,,,,
2025-02-24T20:42:09-06:00,1099,34.53,,,,
2025-02-24T20:45:10-06:00,1100,35.0,,,,
2025-02-24T20:48:11-06:00,1101,35.0,,,,
2025-02-24T20:51:12-06:00,1102,35.0,,,,
2025-02-24T20:54:13-06:00,1103,34.53,,,,
2025-02-24T20:57:14-06:00,1104,35.0,,,,
2025-02-24T21:00:15-06:00,1105,34.53,,,,
2025-02-24T21:03:16-06:00,1106,34.53,,,,
2025-02-24T21:06:17-06:00,1107,34.53,,,,
2025-02-24T21:09:18-06:00,1108,34.53,,,,
2025-02-24T21:12:19-06:00,1109,34.53,,,,
2025-02-24T21:15:20-06:00,1110,35.0,,,,
2025-02-24T21:18:22-06:00,1111,34.53,,,,
2025-02-24T21:21:23-06:00,1112,34.53,,,,
2025-02-24T21:24:24-06:00,1113,34.53,,,,
2025-02-24T21:27:25-06:00,1114,35.0,,,,
2025-02-24T21:30:26-06:00,1115,34.53,,,,
2025-02-24T21:33:27-06:00,1116,34.53,,,,
2025-02-24T21:36:28-06:00,1117,34.53,,,,
2025-02-24T21:39:29-06:00,1118,34.53,,,,
2025-02-24T21:42:30-06:00,1119,35.0,,,,
2025-02-24T21:45:31-06:00,1120,34.53,,,,
2025-02-24T21:48:32-06:00,1121,34.53,,,,
2025-02-24T21:51:33-06:00,1122,34.53,,,,
2025-02-24T21:54:34-06:00,1123,35.0,,,,
2025-02-24T21:57:35-06:00,1124,34.53,,,,
2025-02-24T22:00:36-06:00,1125,34.53,,,,
2025-02-24T22:03:37-06:00,1126,34.53,,,,
2025-02-24T22:06:38-06:00,1127,34.53,,,,
2025-02-24T22:09:39-06:00,1128,35.0,,,,
2025-02-24T22:12:42-06:00,1129,34.53,,,,
2025-02-24T22:15:43-06:00,1130,34.53,,,,
2025-02-24T22:18:44-06:00,1131,34.53,,,,
2025-02-24T22:21:45-06:00,1132,35.0,,,,
2025-02-24T22:24:46-06:00,1133,34.53,,,,
2025-02-24T22:27:47-06:00,1134,34.53,,,,
2025-02-24T22:30:48-06:00,1135,35.0,,,,
2025-02-24T22:33:49-06:00,1136,35.0,,,,
2025-02-24T22:36:50-06:00,1137,35.0,,,,
2025-02-24T22:39:51-06:00,1138,35.0,,,,
2025-02-24T22:42:53-06:00,1139,34.53,,,,
2025-02-24T22:45:54-06:00,1140,35.0,,,,
2025-02-24T22:48:55-06:00,1141,35.0,,,,
2025-02-24T22:51:56-06:00,1142,35.0,,,,
2025-02-24T22:54:57-06:00,1143,34.53,,,,
2025-02-24T22:57:58-06:00,1144,35.0,,,,
2025-02-24T23:00:59-06:00,1145,35.0,,,,
2025-02-24T23:04:00-06:00,1146,35.0,,,,
2025-02-24T23:07:01-06:00,1147,35.0,,,,
2025-02-24T23:10:02-06:00,1148,35.0,,,,
2025-02-24T23:13:03-06:00,1149,35.0,,,,
2025-02-24T23:16:04-06:00,1150,34.53,,,,
2025-02-24T23:19:05-06:00,1151,35.0,,,,
2025-02-24T23:22:06-06:00,1152,35.0,,,,
2025-02-24T23:25:07-06:00,1153,34.53,,,,
2025-02-24T23:28:08-06:00,1154,35.0,,,,
2025-02-24T23:31:09-06:00,1155,35.0,,,,
2025-02-24T23:34:11-06:00,1156,35.0,,,,
2025-02-24T23:37:12-06:00,1157,34.53,,,,
2025-02-24T23:40:13-06:00,1158,35.0,,,,
2025-02-24T23:43:14-06:00,1159,35.0,,,,
2025-02-24T23:46:15-06:00,1160,34.53,,,,
2025-02-24T23:49:16-06:00,1161,34.53,,,,
2025-02-24T23:52:17-06:00,1162,34.07,,,,
2025-02-24T23:55:18-06:00,1163,34.07,,,,
2025-02-24T23:58:19-06:00,1164,34.07,,,,
2025-02-25T00:01:20-06:00,1165,33.6,,,,
2025-02-25T00:04:21-06:00,1166,33.6,,,,
2025-02-25T00:07:22-06:00,1167,33.6,,,,
2025-02-25T00:10:23-06:00,1168,32.66,,,,
2025-02-25T00:13:24-06:00,1169,32.66,,,,
2025-02-25T00:16:25-06:00,1170,32.19,,,,
2025-02-25T00:19:26-06:00,1171,32.66,,,,
2025-02-25T00:22:27-06:00,1172,32.19,,,,
2025-02-25T00:25:28-06:00,1173,32.19,,,,
2025-02-25T00:28:29-06:00,1174,32.19,,,,
2025-02-25T00:31:30-06:00,1175,32.19,,,,
2025-02-25T00:34:31-06:00,1176,31.73,,,,
2025-02-25T00:37:32-06:00,1177,31.73,,,,
2025-02-25T00:40:33-06:00,1178,31.73,,,,
2025-02-25T00:43:34-06:00,1179,31.73,,,,
2025-02-25T00:46:35-06:00,1180,31.73,,,,
2025-02-25T00:49:36-06:00,1181,31.73,,,,
2025-02-25T00:52:38-06:00,1182,31.73,,,,
2025-02-25T00:55:39-06:00,1183,31.73,,,,
2025-02-25T00:58:40-06:00,1184,31.26,,,,
2025-02-25T01:01:41-06:00,1185,31.26,,,,
2025-02-25T01:04:42-06:00,1186,31.73,,,,
2025-02-25T01:07:43-06:00,1187,31.73,,,,
2025-02-25T01:10:44-06:00,1188,31.26,,,,
2025-02-25T01:13:45-06:00,1189,31.73,,,,
2025-02-25T01:16:46-06:00,1190,31.73,,,,
2025-02-25T01:19:47-06:00,1191,31.73,,,,
2025-02-25T01:22:48-06:00,1192,31.73,,,,
2025-02-25T01:25:49-06:00,1193,31.26,,,,
2025-02-25T01:28:50-06:00,1194,31.73,,,,
2025-02-25T01:31:52-06:00,1195,31.26,,,,
2025-02-25T01:34:53-06:00,1196,31.26,,,,
2025-02-25T01:37:53-06:00,1197,31.73,,,,
2025-02-25T01:40:55-06:00,1198,31.26,,,,
2025-02-25T01:43:56-06:00,1199,31.73,,,,
2025-02-25T01:46:57-06:00,1200,31.26,,,,
2025-02-25T01:49:58-06:00,1201,31.73,,,,
2025-02-25T01:52:59-06:00,1202,31.26,,,,
2025-02-25T01:56:00-06:00,1203,31.26,,,,
2025-02-25T01:59:01-06:00,1204,31.26,,,,
2025-02-25T02:02:02-06:00,1205,31.26,,,,
2025-02-25T02:05:03-06:00,1206,31.26,,,,
2025-02-25T02:08:04-06:00,1207,31.26,,,,
2025-02-25T02:11:05-06:00,1208,30.79,,,,
2025-02-25T02:14:08-06:00,1209,31.26,,,,
2025-02-25T02:17:09-06:00,1210,30.79,,,,
2025-02-25T02:20:10-06:00,1211,30.79,,,,
2025-02-25T02:23:11-06:00,1212,31.26,,,,
2025-02-25T02:26:12-06:00,1213,31.26,,,,
2025-02-25T02:29:14-06:00,1214,30.79,,,,
2025-02-25T02:32:15-06:00,1215,31.26,,,,
2025-02-25T02:35:17-06:00,1216,30.79,,,,
2025-02-25T02:38:18-06:00,1217,30.79,,,,
2025-02-25T02:41:19-06:00,1218,31.26,,,,
2025-02-25T02:44:20-06:00,1219,30.79,,,,
2025-02-25T02:47:21-06:00,1220,30.32,,,,
2025-02-25T02:50:22-06:00,1221,31.26,,,,
2025-02-25T02:53:23-06:00,1222,30.79,,,,
2025-02-25T02:56:24-06:00,1223,30.79,,,,
2025-02-25T02:59:25-06:00,1224,30.79,,,,
2025-02-25T03:02:26-06:00,1225,31.26,,,,
2025-02-25T03:05:27-06:00,1226,31.26,,,,
2025-02-25T03:08:32-06:00,1227,30.79,,,,
2025-02-25T03:11:34-06:00,1228,30.79,,,,
2025-02-25T03:14:35-06:00,1229,30.79,,,,
2025-02-25T03:17:36-06:00,1230,30.79,,,,
2025-02-25T03:20:37-06:00,1231,30.79,,,,
2025-02-25T03:23:38-06:00,1232,30.79,,,,
2025-02-25T03:26:39-06:00,1233,31.26,,,,
2025-02-25T03:29:40-06:00,1234,30.79,,,,
2025-02-25T03:32:42-06:00,1235,31.26,,,,
2025-02-25T03:35:43-06:00,1236,30.79,,,,
2025-02-25T03:38:44-06:00,1237,30.79,,,,
2025-02-25T03:41:45-06:00,1238,30.79,,,,
2025-02-25T03:44:46-06:00,1239,30.79,,,,
2025-02-25T03:47:47-06:00,1240,30.79,,,,
2025-02-25T03:50:48-06:00,1241,30.79,,,,
2025-02-25T03:53:49-06:00,1242,30.79,,,,
2025-02-25T03:56:50-06:00,1243,30.79,,,,
2025-02-25T03:59:51-06:00,1244,30.79,,,,
2025-02-25T04:02:52-06:00,1245,31.26,,,,
2025-02-25T04:05:53-06:00,1246,30.79,,,,
2025-02-25T04:08:54-06:00,1247,30.79,,,,
2025-02-25T04:11:55-06:00,1248,30.79,,,,
2025-02-25T04:14:57-06:00,1249,30.79,,,,
2025-02-25T04:17:57-06:00,1250,30.79,,,,
2025-02-25T04:20:59-06:00,1251,30.32,,,,
2025-02-25T04:24:00-06:00,1252,30.79,,,,
2025-02-25T04:27:01-06:00,1253,30.32,,,,
2025-02-25T04:30:02-06:00,1254,30.79,,,,
2025-02-25T04:33:03-06:00,1255,30.79,,,,
2025-02-25T04:36:07-06:00,1256,30.79,,,,
2025-02-25T04:39:08-06:00,1257,30.79,,,,
2025-02-25T04:42:09-06:00,1258,30.79,,,,
2025-02-25T04:45:10-06:00,1259,30.79,,,,
2025-02-25T04:48:12-06:00,1260,30.79,,,,
2025-02-25T04:51:13-06:00,1261,30.32,,,,
2025-02-25T04:54:14-06:00,1262,30.79,,,,
2025-02-25T04:57:15-06:00,1263,30.32,,,,
2025-02-25T05:00:16-06:00,1264,30.79,,,,
2025-02-25T05:03:17-06:00,1265,30.79,,,,
2025-02-25T05:06:18-06:00,1266,30.79,,,,
2025-02-25T05:09:20-06:00,1267,30.79,,,,
2025-02-25T05:12:22-06:00,1268,30.79,,,,
2025-02-25T05:15:23-06:00,1269,30.79,,,,
2025-02-25T05:18:24-06:00,1270,31.26,,,,
2025-02-25T05:21:25-06:00,1271,31.26,,,,
2025-02-25T05:24:27-06:00,1272,31.26,,,,
2025-02-25T05:27:28-06:00,1273,31.26,,,,
2025-02-25T05:30:29-06:00,1274,31.26,,,,
2025-02-25T05:33:31-06:00,1275,31.73,,,,
2025-02-25T05:36:32-06:00,1276,31.26,,,,
2025-02-25T05:39:33-06:00,1277,31.26,,,,
2025-02-25T05:42:34-06:00,1278,31.26,,,,
2025-02-25T05:45:35-06:00,1279,31.26,,,,
2025-02-25T05:48:37-06:00,1280,31.26,,,,
2025-02-25T05:51:39-06:00,1281,31.73,,,,
2025-02-25T05:54:40-06:00,1282,31.26,,,,
2025-02-25T05:57:41-06:00,1283,31.73,,,,
2025-02-25T06:00:42-06:00,1284,31.73,,,,
2025-02-25T06:03:48-06:00,1285,31.26,,,,
2025-02-25T06:06:49-06:00,1286,31.73,,,,
2025-02-25T06:09:50-06:00,1287,31.73,,,,
2025-02-25T06:12:51-06:00,1288,31.26,,,,
2025-02-25T06:15:52-06:00,1289,31.26,,,,
2025-02-25T06:18:53-06:00,1290,31.73,,,,
2025-02-25T06:21:54-06:00,1291,31.26,,,,
2025-02-25T06:24:55-06:00,1292,31.73,,,,
2025-02-25T06:27:56-06:00,1293,31.73,,,,
2025-02-25T06:30:58-06:00,1294,31.73,,,,
2025-02-25T06:33:59-06:00,1295,31.26,,,,
2025-02-25T06:37:00-06:00,1296,31.73,,,,
2025-02-25T06:40:01-06:00,1297,31.73,,,,
2025-02-25T06:43:02-06:00,1298,31.73,,,,
2025-02-25T06:46:04-06:00,1299,31.73,,,,
2025-02-25T06:49:05-06:00,1300,31.73,,,,
2025-02-25T06:52:06-06:00,1301,31.73,,,,
2025-02-25T06:55:08-06:00,1302,31.73,,,,
2025-02-25T06:58:09-06:00,1303,31.73,,,,
2025-02-25T07:01:10-06:00,1304,31.73,,,,
2025-02-25T07:04:11-06:00,1305,31.73,,,,
2025-02-25T07:07:13-06:00,1306,31.26,,,,
2025-02-25T07:10:14-06:00,1307,31.26,,,,
2025-02-25T07:13:15-06:00,1308,31.73,,,,
2025-02-25T07:16:16-06:00,1309,31.73,,,,
2025-02-25T07:19:17-06:00,1310,31.73,,,,
2025-02-25T07:22:18-06:00,1311,32.19,,,,
2025-02-25T07:25:19-06:00,1312,31.73,,,,
2025-02-25T07:28:21-06:00,1313,31.73,,,,
2025-02-25T07:31:22-06:00,1314,31.73,,,,
2025-02-25T07:34:23-06:00,1315,32.19,,,,
2025-02-25T07:37:24-06:00,1316,31.73,,,,
2025-02-25T07:40:25-06:00,1317,31.73,,,,
2025-02-25T07:43:26-06:00,1318,31.73,,,,
2025-02-25T07:46:27-06:00,1319,31.73,,,,
2025-02-25T07:49:28-06:00,1320,31.73,,,,
2025-02-25T07:52:29-06:00,1321,32.19,,,,
2025-02-25T07:55:30-06:00,1322,31.73,,,,
2025-02-25T07:58:31-06:00,1323,32.19,,,,
2025-02-25T08:01:32-06:00,1324,31.73,,,,
2025-02-25T08:04:33-06:00,1325,32.19,,,,
2025-02-25T08:07:34-06:00,1326,32.19,,,,
2025-02-25T08:10:37-06:00,1327,32.19,,,,
2025-02-25T08:13:38-06:00,1328,32.19,,,,
2025-02-25T08:16:40-06:00,1329,32.19,,,,
2025-02-25T08:19:41-06:00,1330,32.19,,,,
2025-02-25T08:22:42-06:00,1331,32.19,,,,
2025-02-25T08:25:43-06:00,1332,32.19,,,,
2025-02-25T08:28:44-06:00,1333,32.19,,,,
2025-02-25T08:31:45-06:00,1334,31.73,,,,
2025-02-25T08:34:46-06:00,1335,32.19,,,,
2025-02-25T08:37:47-06:00,1336,32.19,,,,
2025-02-25T08:40:48-06:00,1337,32.19,,,,
2025-02-25T08:43:49-06:00,1338,32.66,,,,
2025-02-25T08:46:50-06:00,1339,32.19,,,,
2025-02-25T08:49:51-06:00,1340,32.19,,,,
2025-02-25T08:52:53-06:00,1341,32.19,,,,
2025-02-25T08:55:54-06:00,1342,32.66,,,,
2025-02-25T08:58:55-06:00,1343,32.66,,,,
2025-02-25T09:01:56-06:00,1344,32.19,,,,
2025-02-25T09:04:57-06:00,1345,32.66,,,,
2025-02-25T09:07:58-06:00,1346,32.66,,,,
2025-02-25T09:10:59-06:00,1347,32.66,,,,
2025-02-25T09:14:00-06:00,1348,32.19,,,,
2025-02-25T09:17:01-06:00,1349,32.66,,,,
2025-02-25T09:20:02-06:00,1350,32.19,,,,
2025-02-25T09:23:03-06:00,1351,32.66,,,,
2025-02-25T09:26:04-06:00,1352,32.66,,,,
2025-02-25T09:29:05-06:00,1353,32.66,,,,
2025-02-25T09:32:07-06:00,1354,32.66,,,,
2025-02-25T09:35:08-06:00,1355,32.66,,,,
2025-02-25T09:38:09-06:00,1356,32.66,,,,
2025-02-25T09:41:10-06:00,1357,32.66,,,,
2025-02-25T09:44:11-06:00,1358,32.66,,,,
2025-02-25T09:47:12-06:00,1359,32.19,,,,
2025-02-25T09:50:13-06:00,1360,32.66,,,,
2025-02-25T09:53:14-06:00,1361,32.66,,,,
2025-02-25T09:56:15-06:00,1362,32.19,,,,
2025-02-25T09:59:16-06:00,1363,32.66,,,,
2025-02-25T10:02:17-06:00,1364,32.66,,,,
2025-02-25T10:05:18-06:00,1365,33.13,,,,
2025-02-25T10:08:19-06:00,1366,33.13,,,,
2025-02-25T10:11:20-06:00,1367,33.13,,,,
2025-02-25T10:14:21-06:00,1368,33.13,,,,
2025-02-25T10:17:22-06:00,1369,33.13,,,,
2025-02-25T10:20:23-06:00,1370,33.13,,,,
2025-02-25T10:23:25-06:00,1371,33.13,,,,
2025-02-25T10:26:25-06:00,1372,32.66,,,,
2025-02-25T10:29:26-06:00,1373,33.13,,,,
2025-02-25T10:32:27-06:00,1374,32.66,,,,
2025-02-25T10:35:28-06:00,1375,33.13,,,,
2025-02-25T10:38:29-06:00,1376,32.66,,,,
2025-02-25T10:41:30-06:00,1377,33.13,,,,
2025-02-25T10:44:31-06:00,1378,33.13,,,,
2025-02-25T10:47:32-06:00,1379,33.13,,,,
2025-02-25T10:50:33-06:00,1380,33.13,,,,
2025-02-25T10:53:34-06:00,1381,33.13,,,,
2025-02-25T10:56:35-06:00,1382,33.13,,,,
2025-02-25T10:59:36-06:00,1383,33.6,,,,
2025-02-25T11:02:37-06:00,1384,33.13,,,,
2025-02-25T11:05:38-06:00,1385,33.6,,,,
2025-02-25T11:08:39-06:00,1386,33.13,,,,
2025-02-25T11:11:40-06:00,1387,33.13,,,,
2025-02-25T11:14:41-06:00,1388,33.13,,,,
2025-02-25T11:17:42-06:00,1389,33.6,,,,
2025-02-25T11:20:43-06:00,1390,33.6,,,,
2025-02-25T11:23:44-06:00,1391,33.13,,,,
2025-02-25T11:26:45-06:00,1392,33.6,,,,
2025-02-25T11:29:46-06:00,1393,33.6,,,,
2025-02-25T11:32:47-06:00,1394,33.6,,,,
2025-02-25T11:35:48-06:00,1395,32.66,,,,
2025-02-25T11:38:49-06:00,1396,32.66,,,,
2025-02-25T11:41:50-06:00,1397,32.66,,,,
2025-02-25T11:44:51-06:00,1398,32.66,,,,
2025-02-25T11:47:52-06:00,1399,32.66,,,,
2025-02-25T11:50:53-06:00,1400,32.66,,,,
2025-02-25T11:53:54-06:00,1401,32.66,,,,
2025-02-25T11:56:55-06:00,1402,33.6,,,,
2025-02-25T11:59:56-06:00,1403,33.6,,,,
2025-02-25T12:02:57-06:00,1404,33.6,,,,
2025-02-25T12:05:58-06:00,1405,33.6,,,,
2025-02-25T12:08:59-06:00,1406,34.07,,,,
2025-02-25T12:12:00-06:00,1407,34.07,,,,
2025-02-25T12:15:01-06:00,1408,34.07,,,,
2025-02-25T12:18:02-06:00,1409,33.6,,,,
2025-02-25T12:21:03-06:00,1410,33.6,,,,
2025-02-25T12:24:04-06:00,1411,34.07,,,,
2025-02-25T12:27:05-06:00,1412,34.07,,,,
2025-02-25T12:30:06-06:00,1413,34.07,,,,
2025-02-25T12:33:07-06:00,1414,34.07,,,,
2025-02-25T12:36:08-06:00,1415,34.07,,,,
2025-02-25T12:39:09-06:00,1416,34.07,,,,
2025-02-25T12:42:10-06:00,1417,34.07,,,,
2025-02-25T12:45:11-06:00,1418,34.07,,,,
2025-02-25T12:48:13-06:00,1419,34.07,,,,
2025-02-25T12:51:14-06:00,1420,34.07,,,,
2025-02-25T12:54:15-06:00,1421,34.07,,,,
2025-02-25T12:57:16-06:00,1422,34.07,,,,
2025-02-25T13:00:17-06:00,1423,34.07,,,,
2025-02-25T13:03:18-06:00,1424,34.07,,,,
2025-02-25T13:06:19-06:00,1425,34.07,,,,
2025-02-25T13:09:20-06:00,1426,34.07,,,,
2025-02-25T13:12:21-06:00,1427,34.07,,,,
2025-02-25T13:15:22-06:00,1428,34.07,,,,
2025-02-25T13:18:23-06:00,1429,34.53,,,,
2025-02-25T13:21:24-06:00,1430,34.07,,,,
2025-02-25T13:24:25-06:00,1431,34.07,,,,
2025-02-25T13:27:26-06:00,1432,34.07,,,,
2025-02-25T13:30:27-06:00,1433,34.07,,,,
2025-02-25T13:33:28-06:00,1434,34.07,,,,
2025-02-25T13:36:29-06:00,1435,34.53,,,,
2025-02-25T13:39:30-06:00,1436,34.07,,,,
2025-02-25T13:42:31-06:00,1437,34.53,,,,
2025-02-25T13:45:32-06:00,1438,34.53,,,,
2025-02-25T13:48:33-06:00,1439,34.07,,,,
2025-02-25T13:51:34-06:00,1440,34.53,,,,
2025-02-25T13:54:35-06:00,1441,34.07,,,,
2025-02-25T13:57:37-06:00,1442,34.53,,,,
2025-02-25T14:00:38-06:00,1443,34.53,,,,
2025-02-25T14:03:39-06:00,1444,34.53,,,,
2025-02-25T14:06:40-06:00,1445,34.53,,,,
2025-02-25T14:09:40-06:00,1446,34.53,,,,
2025-02-25T14:12:41-06:00,1447,34.07,,,,
2025-02-25T14:15:42-06:00,1448,34.53,,,,
2025-02-25T14:18:43-06:00,1449,34.53,,,,
2025-02-25T14:21:44-06:00,1450,34.53,,,,
2025-02-25T14:24:45-06:00,1451,34.07,,,,
2025-02-25T14:27:46-06:00,1452,34.07,,,,
2025-02-25T14:30:47-06:00,1453,34.07,,,,
2025-02-25T14:33:48-06:00,1454,34.07,,,,
2025-02-25T14:36:49-06:00,1455,34.07,,,,
2025-02-25T14:39:50-06:00,1456,34.53,,,,
2025-02-25T14:42:51-06:00,1457,34.07,,,,
2025-02-25T14:45:53-06:00,1458,34.53,,,,
2025-02-25T14:48:54-06:00,1459,34.07,,,,
2025-02-25T14:51:55-06:00,1460,34.07,,,,
2025-02-25T14:54:56-06:00,1461,34.07,,,,
2025-02-25T14:57:57-06:00,1462,34.07,,,,
2025-02-25T15:00:58-06:00,1463,34.07,,,,
2025-02-25T15:03:59-06:00,1464,34.07,,,,
2025-02-25T15:07:00-06:00,1465,34.07,,,,
2025-02-25T15:10:01-06:00,1466,34.53,,,,
2025-02-25T15:13:02-06:00,1467,34.53,,,,
2025-02-25T15:16:03-06:00,1468,34.53,,,,
2025-02-25T15:19:04-06:00,1469,34.53,,,,
2025-02-25T15:22:05-06:00,1470,34.07,,,,
2025-02-25T15:25:06-06:00,1471,34.53,,,,
2025-02-25T15:28:07-06:00,1472,34.53,,,,
2025-02-25T15:31:08-06:00,1473,34.07,,,,
2025-02-25T15:34:09-06:00,1474,34.07,,,,
2025-02-25T15:37:11-06:00,1475,34.07,,,,
2025-02-25T15:40:12-06:00,1476,34.53,,,,
2025-02-25T15:43:13-06:00,1477,34.07,,,,
2025-02-25T15:46:14-06:00,1478,34.07,,,,
2025-02-25T15:49:15-06:00,1479,34.53,,,,
2025-02-25T15:52:16-06:00,1480,34.07,,,,
2025-02-25T15:55:17-06:00,1481,34.07,,,,
2025-02-25T15:58:18-06:00,1482,34.53,,,,
2025-02-25T16:01:19-06:00,1483,34.07,,,,
2025-02-25T16:04:20-06:00,1484,34.53,,,,
2025-02-25T16:07:21-06:00,1485,34.07,,,,
2025-02-25T16:10:22-06:00,1486,34.07,,,,
2025-02-25T16:13:23-06:00,1487,34.53,,,,
2025-02-25T16:16:24-06:00,1488,34.07,,,,
2025-02-25T16:19:25-06:00,1489,34.07,,,,
2025-02-25T16:22:26-06:00,1490,34.53,,,,
2025-02-25T16:25:27-06:00,1491,34.07,,,,
2025-02-25T16:28:31-06:00,1492,34.53,,,,
2025-02-25T16:31:32-06:00,1493,34.53,,,,
2025-02-25T16:34:33-06:00,1494,34.53,,,,
2025-02-25T16:37:34-06:00,1495,34.07,,,,
2025-02-25T16:40:35-06:00,1496,34.07,,,,
2025-02-25T16:43:37-06:00,1497,34.53,,,,
2025-02-25T16:46:38-06:00,1498,34.07,,,,
2025-02-25T16:49:39-06:00,1499,34.53,,,,
2025-02-25T16:52:40-06:00,1500,34.53,,,,
2025-02-25T16:55:41-06:00,1501,34.53,,,,
2025-02-25T16:58:42-06:00,1502,34.53,,,,
2025-02-25T17:01:45-06:00,1503,34.07,,,,
2025-02-25T17:04:46-06:00,1504,34.53,,,,
2025-02-25T17:07:47-06:00,1505,34.53,,,,
2025-02-25T17:10:48-06:00,1506,34.53,,,,
2025-02-25T17:13:49-06:00,1507,34.07,,,,
2025-02-25T17:16:50-06:00,1508,34.53,,,,
2025-02-25T17:19:51-06:00,1509,34.07,,,,
2025-02-25T17:22:52-06:00,1510,34.07,,,,
2025-02-25T17:25:53-06:00,1511,34.53,,,,
2025-02-25T17:28:54-06:00,1512,34.07,,,,
2025-02-25T17:31:55-06:00,1513,34.07,,,,
2025-02-25T17:34:56-06:00,1514,34.07,,,,
2025-02-25T17:37:57-06:00,1515,34.53,,,,
2025-02-25T17:40:58-06:00,1516,34.07,,,,
2025-02-25T17:43:59-06:00,1517,34.53,,,,
2025-02-25T17:47:00-06:00,1518,34.53,,,,
2025-02-25T17:50:01-06:00,1519,34.07,,,,
2025-02-25T17:53:02-06:00,1520,34.53,,,,
2025-02-25T17:56:03-06:00,1521,34.07,,,,
2025-02-25T17:59:04-06:00,1522,34.07,,,,
2025-02-25T18:02:05-06:00,1523,34.07,,,,
2025-02-25T18:05:06-06:00,1524,34.53,,,,
2025-02-25T18:08:07-06:00,1525,34.53,,,,
2025-02-25T18:11:08-06:00,1526,34.53,,,,
2025-02-25T18:14:09-06:00,1527,34.07,,,,
2025-02-25T18:17:10-06:00,1528,34.07,,,,
2025-02-25T18:20:11-06:00,1529,34.07,,,,
2025-02-25T18:23:12-06:00,1530,34.53,,,,
2025-02-25T18:26:13-06:00,1531,34.07,,,,
2025-02-25T18:29:14-06:00,1532,34.53,,,,
2025-02-25T18:32:15-06:00,1533,34.53,,,,
2025-02-25T18:35:16-06:00,1534,34.07,,,,
2025-02-25T18:38:17-06:00,1535,34.07,,,,
2025-02-25T18:41:18-06:00,1536,34.07,,,,
2025-02-25T18:44:19-06:00,1537,34.07,,,,
2025-02-25T18:47:20-06:00,1538,34.07,,,,
2025-02-25T18:50:21-06:00,1539,34.07,,,,
2025-02-25T18:53:22-06:00,1540,34.07,,,,
2025-02-25T18:56:23-06:00,1541,34.53,,,,
2025-02-25T18:59:24-06:00,1542,34.07,,,,
2025-02-25T19:02:25-06:00,1543,34.07,,,,
2025-02-25T19:05:26-06:00,1544,34.07,,,,
2025-02-25T19:08:27-06:00,1545,34.53,,,,
2025-02-25T19:11:29-06:00,1546,34.53,,,,
2025-02-25T19:14:30-06:00,1547,34.53,,,,
2025-02-25T19:17:31-06:00,1548,34.07,,,,
2025-02-25T19:20:32-06:00,1549,34.07,,,,
2025-02-25T19:23:33-06:00,1550,34.53,,,,
2025-02-25T19:26:33-06:00,1551,34.53,,,,
2025-02-25T19:29:35-06:00,1552,34.53,,,,
2025-02-25T19:32:36-06:00,1553,34.53,,,,
2025-02-25T19:35:37-06:00,1554,34.53,,,,
2025-02-25T19:38:38-06:00,1555,34.53,,,,
2025-02-25T19:41:39-06:00,1556,34.53,,,,
2025-02-25T19:44:40-06:00,1557,34.53,,,,
2025-02-25T19:47:41-06:00,1558,34.07,,,,
2025-02-25T19:50:42-06:00,1559,34.53,,,,
2025-02-25T19:53:43-06:00,1560,34.07,,,,
2025-02-25T19:56:45-06:00,1561,34.07,,,,
2025-02-25T19:59:45-06:00,1562,34.07,,,,
2025-02-25T20:02:46-06:00,1563,34.07,,,,
2025-02-25T20:05:47-06:00,1564,34.07,,,,
2025-02-25T20:08:48-06:00,1565,34.07,,,,
2025-02-25T20:11:49-06:00,1566,34.07,,,,
2025-02-25T20:14:50-06:00,1567,34.07,,,,
2025-02-25T20:17:51-06:00,1568,34.53,,,,
2025-02-25T20:20:53-06:00,1569,34.53,,,,
2025-02-25T20:23:54-06:00,1570,34.07,,,,
2025-02-25T20:26:55-06:00,1571,34.07,,,,
2025-02-25T20:29:56-06:00,1572,34.53,,,,
2025-02-25T20:32:57-06:00,1573,34.07,,,,
2025-02-25T20:35:58-06:00,1574,34.53,,,,
2025-02-25T20:38:59-06:00,1575,34.07,,,,
2025-02-25T20:42:00-06:00,1576,34.07,,,,
2025-02-25T20:45:01-06:00,1577,34.07,,,,
2025-02-25T20:48:03-06:00,1578,34.07,,,,
2025-02-25T20:51:04-06:00,1579,34.07,,,,
2025-02-25T20:54:05-06:00,1580,34.53,,,,
2025-02-25T20:57:06-06:00,1581,34.53,,,,
2025-02-25T21:00:07-06:00,1582,34.53,,,,
2025-02-25T21:03:08-06:00,1583,34.07,,,,
2025-02-25T21:06:09-06:00,1584,34.07,,,,
2025-02-25T21:09:10-06:00,1585,34.07,,,,
2025-02-25T21:12:11-06:00,1586,34.07,,,,
2025-02-25T21:15:12-06:00,1587,34.53,,,,
2025-02-25T21:18:14-06:00,1588,34.07,,,,
2025-02-25T21:21:15-06:00,1589,34.53,,,,
2025-02-25T21:24:16-06:00,1590,34.07,,,,
2025-02-25T21:27:17-06:00,1591,34.53,,,,
2025-02-25T21:30:18-06:00,1592,34.07,,,,
2025-02-25T21:33:19-06:00,1593,34.07,,,,
2025-02-25T21:36:20-06:00,1594,33.6,,,,
2025-02-25T21:39:21-06:00,1595,33.6,,,,
2025-02-25T21:42:22-06:00,1596,33.6,,,,
2025-02-25T21:45:23-06:00,1597,33.13,,,,
2025-02-25T21:48:24-06:00,1598,33.6,,,,
2025-02-25T21:51:25-06:00,1599,32.66,,,,
2025-02-25T21:54:26-06:00,1600,33.13,,,,
2025-02-25T21:57:27-06:00,1601,32.66,,,,
2025-02-25T22:00:28-06:00,1602,32.66,,,,
2025-02-25T22:03:29-06:00,1603,32.66,,,,
2025-02-25T22:06:30-06:00,1604,32.19,,,,
2025-02-25T22:09:31-06:00,1605,32.19,,,,
2025-02-25T22:12:32-06:00,1606,32.19,,,,
2025-02-25T22:15:33-06:00,1607,32.19,,,,
2025-02-25T22:18:34-06:00,1608,31.73,,,,
2025-02-25T22:21:35-06:00,1609,31.73,,,,
2025-02-25T22:24:36-06:00,1610,31.73,,,,
2025-02-25T22:27:37-06:00,1611,31.73,,,,
2025-02-25T22:30:38-06:00,1612,31.73,,,,
2025-02-25T22:33:40-06:00,1613,31.26,,,,
2025-02-25T22:36:41-06:00,1614,31.73,,,,
2025-02-25T22:39:42-06:00,1615,31.26,,,,
2025-02-25T22:42:43-06:00,1616,31.73,,,,
2025-02-25T22:45:44-06:00,1617,31.73,,,,
2025-02-25T22:48:45-06:00,1618,31.73,,,,
2025-02-25T22:51:46-06:00,1619,31.26,,,,
2025-02-25T22:54:47-06:00,1620,31.73,,,,
2025-02-25T22:57:48-06:00,1621,31.26,,,,
2025-02-25T23:00:49-06:00,1622,31.26,,,,
2025-02-25T23:03:50-06:00,1623,31.26,,,,
2025-02-25T23:06:51-06:00,1624,31.26,,,,
2025-02-25T23:09:52-06:00,1625,31.26,,,,
2025-02-25T23:12:53-06:00,1626,31.26,,,,
2025-02-25T23:15:54-06:00,1627,31.26,,,,
2025-02-25T23:18:55-06:00,1628,31.26,,,,
2025-02-25T23:21:56-06:00,1629,31.26,,,,
2025-02-25T23:24:57-06:00,1630,31.26,,,,
2025-02-25T23:27:58-06:00,1631,31.26,,,,
2025-02-25T23:30:59-06:00,1632,30.79,,,,
2025-02-25T23:34:00-06:00,1633,31.26,,,,
2025-02-25T23:37:01-06:00,1634,30.79,,,,
2025-02-25T23:40:02-06:00,1635,30.79,,,,
2025-02-25T23:43:03-06:00,1636,30.79,,,,
2025-02-25T23:46:04-06:00,1637,30.79,,,,
2025-02-25T23:49:05-06:00,1638,30.79,,,,
2025-02-25T23:52:06-06:00,1639,30.79,,,,
2025-02-25T23:55:07-06:00,1640,30.79,,,,
2025-02-25T23:58:08-06:00,1641,30.79,,,,
2025-02-26T00:01:10-06:00,1642,30.79,,,,
2025-02-26T00:04:11-06:00,1643,30.79,,,,
2025-02-26T00:07:12-06:00,1644,30.79,,,,
2025-02-26T00:10:13-06:00,1645,30.79,,,,
2025-02-26T00:13:14-06:00,1646,30.79,,,,
2025-02-26T00:16:15-06:00,1647,30.79,,,,
2025-02-26T00:19:16-06:00,1648,30.79,,,,
2025-02-26T00:22:16-06:00,1649,30.79,,,,
2025-02-26T00:25:17-06:00,1650,30.79,,,,
2025-02-26T00:28:18-06:00,1651,30.79,,,,
2025-02-26T00:31:19-06:00,1652,30.79,,,,
2025-02-26T00:34:20-06:00,1653,30.79,,,,
2025-02-26T00:37:21-06:00,1654,30.79,,,,
2025-02-26T00:40:22-06:00,1655,30.79,,,,
2025-02-26T00:43:23-06:00,1656,30.79,,,,
2025-02-26T00:46:24-06:00,1657,30.79,,,,
2025-02-26T00:49:25-06:00,1658,30.79,,,,
2025-02-26T00:52:26-06:00,1659,30.79,,,,
2025-02-26T00:55:27-06:00,1660,30.79,,,,
2025-02-26T00:58:28-06:00,1661,30.79,,,,
2025-02-26T01:01:29-06:00,1662,30.79,,,,
2025-02-26T01:04:30-06:00,1663,30.32,,,,
2025-02-26T01:07:31-06:00,1664,30.79,,,,
2025-02-26T01:10:32-06:00,1665,30.79,,,,
2025-02-26T01:13:34-06:00,1666,30.32,,,,
2025-02-26T01:16:35-06:00,1667,30.79,,,,
2025-02-26T01:19:36-06:00,1668,30.79,,,,
2025-02-26T01:22:37-06:00,1669,30.79,,,,
2025-02-26T01:25:38-06:00,1670,30.79,,,,
2025-02-26T01:28:39-06:00,1671,30.79,,,,
2025-02-26T01:31:40-06:00,1672,30.79,,,,
2025-02-26T01:34:41-06:00,1673,30.32,,,,
2025-02-26T01:37:42-06:00,1674,30.79,,,,
2025-02-26T01:40:43-06:00,1675,30.79,,,,
2025-02-26T01:43:44-06:00,1676,30.79,,,,
2025-02-26T01:46:45-06:00,1677,30.79,,,,
2025-02-26T01:49:46-06:00,1678,30.79,,,,
2025-02-26T01:52:47-06:00,1679,30.79,,,,
2025-02-26T01:55:48-06:00,1680,30.79,,,,
2025-02-26T01:58:49-06:00,1681,30.79,,,,
2025-02-26T02:01:50-06:00,1682,30.79,,,,
2025-02-26T02:04:51-06:00,1683,30.79,,,,
2025-02-26T02:07:52-06:00,1684,30.79,,,,
2025-02-26T02:10:53-06:00,1685,30.79,,,,
2025-02-26T02:13:54-06:00,1686,30.79,,,,
2025-02-26T02:16:55-06:00,1687,30.79,,,,
2025-02-26T02:19:56-06:00,1688,30.79,,,,
2025-02-26T02:22:57-06:00,1689,30.79,,,,
2025-02-26T02:25:58-06:00,1690,30.79,,,,
2025-02-26T02:28:59-06:00,1691,30.79,,,,
2025-02-26T02:32:00-06:00,1692,31.26,,,,
2025-02-26T02:35:01-06:00,1693,30.79,,,,
2025-02-26T02:38:02-06:00,1694,30.79,,,,
2025-02-26T02:41:03-06:00,1695,30.79,,,,
2025-02-26T02:44:04-06:00,1696,30.79,,,,
2025-02-26T02:47:05-06:00,1697,30.79,,,,
2025-02-26T02:50:06-06:00,1698,30.32,,,,
2025-02-26T02:53:07-06:00,1699,30.79,,,,
2025-02-26T02:56:08-06:00,1700,30.79,,,,
2025-02-26T02:59:09-06:00,1701,30.79,,,,
2025-02-26T03:02:10-06:00,1702,31.26,,,,
2025-02-26T03:05:11-06:00,1703,30.79,,,,
2025-02-26T03:08:12-06:00,1704,30.79,,,,
2025-02-26T03:11:13-06:00,1705,31.26,,,,
2025-02-26T03:14:14-06:00,1706,31.26,,,,
2025-02-26T03:17:15-06:00,1707,30.79,,,,
2025-02-26T03:20:16-06:00,1708,30.79,,,,
2025-02-26T03:23:17-06:00,1709,30.79,,,,
2025-02-26T03:26:18-06:00,1710,30.79,,,,
2025-02-26T03:29:18-06:00,1711,30.32,,,,
2025-02-26T03:32:19-06:00,1712,30.32,,,,
2025-02-26T03:35:20-06:00,1713,30.32,,,,
2025-02-26T03:38:21-06:00,1714,30.79,,,,
2025-02-26T03:41:23-06:00,1715,30.79,,,,
2025-02-26T03:44:24-06:00,1716,30.79,,,,
2025-02-26T03:47:25-06:00,1717,30.79,,,,
2025-02-26T03:50:26-06:00,1718,30.79,,,,
2025-02-26T03:53:27-06:00,1719,31.26,,,,
2025-02-26T03:56:28-06:00,1720,30.79,,,,
2025-02-26T03:59:29-06:00,1721,30.79,,,,
2025-02-26T04:02:30-06:00,1722,30.79,,,,
2025-02-26T04:05:31-06:00,1723,30.79,,,,
2025-02-26T04:08:32-06:00,1724,30.79,,,,
2025-02-26T04:11:33-06:00,1725,30.79,,,,
2025-02-26T04:14:34-06:00,1726,30.32,,,,
2025-02-26T04:17:34-06:00,1727,30.32,,,,
2025-02-26T04:20:35-06:00,1728,30.79,,,,
2025-02-26T04:23:37-06:00,1729,30.32,,,,
2025-02-26T04:26:38-06:00,1730,30.79,,,,
2025-02-26T04:29:38-06:00,1731,30.79,,,,
2025-02-26T04:32:39-06:00,1732,30.79,,,,
2025-02-26T04:35:40-06:00,1733,30.79,,,,
2025-02-26T04:38:41-06:00,1734,30.79,,,,
2025-02-26T04:41:42-06:00,1735,30.79,,,,
2025-02-26T04:44:43-06:00,1736,31.26,,,,
2025-02-26T04:47:44-06:00,1737,30.79,,,,
2025-02-26T04:50:45-06:00,1738,31.26,,,,
2025-02-26T04:53:46-06:00,1739,31.26,,,,
2025-02-26T04:56:47-06:00,1740,31.26,,,,
2025-02-26T04:59:48-06:00,1741,31.26,,,,
2025-02-26T05:02:49-06:00,1742,31.26,,,,
2025-02-26T05:05:50-06:00,1743,31.26,,,,
2025-02-26T05:08:51-06:00,1744,31.26,,,,
2025-02-26T05:11:52-06:00,1745,31.26,,,,
2025-02-26T05:14:53-06:00,1746,31.26,,,,
2025-02-26T05:17:54-06:00,1747,31.26,,,,
2025-02-26T05:20:55-06:00,1748,31.26,,,,
2025-02-26T05:23:56-06:00,1749,31.26,,,,
2025-02-26T05:26:57-06:00,1750,31.73,,,,
2025-02-26T05:29:58-06:00,1751,31.73,,,,
2025-02-26T05:32:59-06:00,1752,31.73,,,,
2025-02-26T05:36:00-06:00,1753,31.26,,,,
2025-02-26T05:39:01-06:00,1754,31.73,,,,
2025-02-26T05:42:02-06:00,1755,31.26,,,,
2025-02-26T05:45:03-06:00,1756,31.73,,,,
2025-02-26T05:48:04-06:00,1757,31.26,,,,
2025-02-26T05:51:05-06:00,1758,31.26,,,,
2025-02-26T05:54:06-06:00,1759,31.73,,,,
2025-02-26T05:57:07-06:00,1760,31.73,,,,
2025-02-26T06:00:08-06:00,1761,31.73,,,,
2025-02-26T06:03:09-06:00,1762,31.73,,,,
2025-02-26T06:06:10-06:00,1763,31.73,,,,
2025-02-26T06:09:11-06:00,1764,31.73,,,,
2025-02-26T06:12:12-06:00,1765,31.73,,,,
2025-02-26T06:15:13-06:00,1766,31.73,,,,
2025-02-26T06:18:14-06:00,1767,31.26,,,,
2025-02-26T06:21:15-06:00,1768,31.73,,,,
2025-02-26T06:24:16-06:00,1769,31.73,,,,
2025-02-26T06:27:17-06:00,1770,31.73,,,,
2025-02-26T06:30:20-06:00,1771,31.73,,,,
2025-02-26T06:33:21-06:00,1772,31.73,,,,
2025-02-26T06:36:22-06:00,1773,31.73,,,,
2025-02-26T06:39:23-06:00,1774,31.73,,,,
2025-02-26T06:42:24-06:00,1775,31.73,,,,
2025-02-26T06:45:25-06:00,1776,31.73,,,,
2025-02-26T06:48:26-06:00,1777,31.73,,,,
2025-02-26T06:51:27-06:00,1778,31.73,,,,
2025-02-26T06:54:28-06:00,1779,31.73,,,,
2025-02-26T06:57:28-06:00,1780,31.73,,,,
2025-02-26T07:00:29-06:00,1781,31.73,,,,
2025-02-26T07:03:30-06:00,1782,31.73,,,,
2025-02-26T07:06:31-06:00,1783,31.73,,,,
2025-02-26T07:09:33-06:00,1784,31.73,,,,
2025-02-26T07:12:34-06:00,1785,31.73,,,,
2025-02-26T07:15:35-06:00,1786,31.73,,,,
2025-02-26T07:18:36-06:00,1787,31.73,,,,
2025-02-26T07:21:37-06:00,1788,31.73,,,,
2025-02-26T07:24:38-06:00,1789,31.73,,,,
2025-02-26T07:27:38-06:00,1790,31.73,,,,
2025-02-26T07:30:39-06:00,1791,31.73,,,,
2025-02-26T07:33:40-06:00,1792,31.73,,,,
2025-02-26T07:36:42-06:00,1793,31.73,,,,
2025-02-26T07:39:42-06:00,1794,31.73,,,,
2025-02-26T07:42:43-06:00,1795,31.73,,,,
2025-02-26T07:45:44-06:00,1796,32.19,,,,
2025-02-26T07:48:45-06:00,1797,31.73,,,,
2025-02-26T07:51:46-06:00,1798,32.19,,,,
2025-02-26T07:54:47-06:00,1799,31.73,,,,
2025-02-26T07:57:48-06:00,1800,32.19,,,,
2025-02-26T08:00:49-06:00,1801,32.19,,,,
2025-02-26T08:03:50-06:00,1802,32.19,,,,
2025-02-26T08:06:51-06:00,1803,32.19,,,,
2025-02-26T08:09:52-06:00,1804,31.73,,,,
2025-02-26T08:12:53-06:00,1805,32.19,,,,
2025-02-26T08:15:54-06:00,1806,32.19,,,,
2025-02-26T08:18:55-06:00,1807,32.19,,,,
2025-02-26T08:21:57-06:00,1808,31.73,,,,
2025-02-26T08:24:58-06:00,1809,32.19,,,,
2025-02-26T08:27:59-06:00,1810,32.19,,,,
2025-02-26T08:31:00-06:00,1811,32.19,,,,
2025-02-26T08:34:01-06:00,1812,32.19,,,,
2025-02-26T08:37:02-06:00,1813,32.19,,,,
2025-02-26T08:40:03-06:00,1814,32.19,,,,
2025-02-26T08:43:04-06:00,1815,32.19,,,,
2025-02-26T08:46:05-06:00,1816,32.19,,,,
2025-02-26T08:49:06-06:00,1817,32.19,,,,
2025-02-26T08:52:07-06:00,1818,32.19,,,,
2025-02-26T08:55:08-06:00,1819,32.19,,,,
2025-02-26T08:58:09-06:00,1820,32.19,,,,
2025-02-26T09:01:10-06:00,1821,32.19,,,,
2025-02-26T09:04:11-06:00,1822,32.19,,,,
2025-02-26T09:07:12-06:00,1823,32.19,,,,
2025-02-26T09:10:13-06:00,1824,32.19,,,,
2025-02-26T09:13:14-06:00,1825,32.19,,,,
2025-02-26T09:16:15-06:00,1826,31.73,,,,
2025-02-26T09:19:16-06:00,1827,32.19,,,,
2025-02-26T09:22:17-06:00,1828,32.19,,,,
2025-02-26T09:25:18-06:00,1829,32.19,,,,
2025-02-26T09:28:19-06:00,1830,32.19,,,,
2025-02-26T09:31:20-06:00,1831,32.19,,,,
2025-02-26T09:34:21-06:00,1832,32.19,,,,
2025-02-26T09:37:22-06:00,1833,32.66,,,,
2025-02-26T09:40:23-06:00,1834,32.66,,,,
2025-02-26T09:43:24-06:00,1835,32.66,,,,
2025-02-26T09:46:25-06:00,1836,32.66,,,,
2025-02-26T09:49:26-06:00,1837,32.66,,,,
2025-02-26T09:52:27-06:00,1838,32.66,,,,
2025-02-26T09:55:28-06:00,1839,32.66,,,,
2025-02-26T09:58:29-06:00,1840,32.66,,,,
2025-02-26T10:01:30-06:00,1841,32.66,,,,
2025-02-26T10:04:31-06:00,1842,32.66,,,,
2025-02-26T10:07:32-06:00,1843,33.13,,,,
2025-02-26T10:10:33-06:00,1844,32.66,,,,
2025-02-26T10:13:34-06:00,1845,33.13,,,,
2025-02-26T10:16:35-06:00,1846,32.66,,,,
2025-02-26T10:19:36-06:00,1847,33.13,,,,
2025-02-26T10:22:37-06:00,1848,32.66,,,,
2025-02-26T10:25:39-06:00,1849,33.13,,,,
